relative_path,file_name,extension,size_bytes,size_mib,size_gib,sha256,file_type,rows,columns_count,columns,encoding,inspection_seconds
Backdoor_Malware/Backdoor_Malware.pcap.csv,Backdoor_Malware.pcap.csv,.csv,664577,0.63379,0.000619,b076424c816ecf99f40d466f95a8ea4336c5077d4afdc05220fa26d528f4a06f,CSV,3218.0,39.0,"[""Header_Length"", ""Protocol Type"", ""Time_To_Live"", ""Rate"", ""fin_flag_number"", ""syn_flag_number"", ""rst_flag_number"", ""psh_flag_number"", ""ack_flag_number"", ""ece_flag_number"", ""cwr_flag_number"", ""ack_count"", ""syn_count"", ""fin_count"", ""rst_count"", ""HTTP"", ""HTTPS"", ""DNS"", ""Telnet"", ""SMTP"", ""SSH"", ""IRC"", ""TCP"", ""UDP"", ""DHCP"", ""ARP"", ""ICMP"", ""IGMP"", ""IPv"", ""LLC"", ""Tot sum"", ""Min"", ""Max"", ""AVG"", ""Std"", ""Tot size"", ""IAT"", ""Number"", ""Variance""]",utf-8,0.223727
Benign_Final/BenignTraffic.pcap.csv,BenignTraffic.pcap.csv,.csv,75100977,71.621873,0.069943,f0ee40b64ac395ecf3ce7cff7580343718554985a68ec6f07d7276d8f31b9ee6,CSV,362361.0,39.0,"[""Header_Length"", ""Protocol Type"", ""Time_To_Live"", ""Rate"", ""fin_flag_number"", ""syn_flag_number"", ""rst_flag_number"", ""psh_flag_number"", ""ack_flag_number"", ""ece_flag_number"", ""cwr_flag_number"", ""ack_count"", ""syn_count"", ""fin_count"", ""rst_count"", ""HTTP"", ""HTTPS"", ""DNS"", ""Telnet"", ""SMTP"", ""SSH"", ""IRC"", ""TCP"", ""UDP"", ""DHCP"", ""ARP"", ""ICMP"", ""IGMP"", ""IPv"", ""LLC"", ""Tot sum"", ""Min"", ""Max"", ""AVG"", ""Std"", ""Tot size"", ""IAT"", ""Number"", ""Variance""]",utf-8,2.808078
Benign_Final/BenignTraffic1.pcap.csv,BenignTraffic1.pcap.csv,.csv,61260813,58.422864,0.057054,d185c67268fdde5d091c07361001926bdac49e5774824fd5920663721814070e,CSV,295585.0,39.0,"[""Header_Length"", ""Protocol Type"", ""Time_To_Live"", ""Rate"", ""fin_flag_number"", ""syn_flag_number"", ""rst_flag_number"", ""psh_flag_number"", ""ack_flag_number"", ""ece_flag_number"", ""cwr_flag_number"", ""ack_count"", ""syn_count"", ""fin_count"", ""rst_count"", ""HTTP"", ""HTTPS"", ""DNS"", ""Telnet"", ""SMTP"", ""SSH"", ""IRC"", ""TCP"", ""UDP"", ""DHCP"", ""ARP"", ""ICMP"", ""IGMP"", ""IPv"", ""LLC"", ""Tot sum"", ""Min"", ""Max"", ""AVG"", ""Std"", ""Tot size"", ""IAT"", ""Number"", ""Variance""]",utf-8,2.270033
Benign_Final/BenignTraffic2.pcap.csv,BenignTraffic2.pcap.csv,.csv,64200745,61.226602,0.059792,71540cd0e9c65d78560003641a00438f9216693af0b7e6cf2b2e44b7234db6ac,CSV,310413.0,39.0,"[""Header_Length"", ""Protocol Type"", ""Time_To_Live"", ""Rate"", ""fin_flag_number"", ""syn_flag_number"", ""rst_flag_number"", ""psh_flag_number"", ""ack_flag_number"", ""ece_flag_number"", ""cwr_flag_number"", ""ack_count"", ""syn_count"", ""fin_count"", ""rst_count"", ""HTTP"", ""HTTPS"", ""DNS"", ""Telnet"", ""SMTP"", ""SSH"", ""IRC"", ""TCP"", ""UDP"", ""DHCP"", ""ARP"", ""ICMP"", ""IGMP"", ""IPv"", ""LLC"", ""Tot sum"", ""Min"", ""Max"", ""AVG"", ""Std"", ""Tot size"", ""IAT"", ""Number"", ""Variance""]",utf-8,2.265721
Benign_Final/BenignTraffic3.pcap.csv,BenignTraffic3.pcap.csv,.csv,26851364,25.607456,0.025007,861063adfc622eed3e3d84b17a2a9e19f89800a56ef575dc26fc0bd7e05a5d8e,CSV,129832.0,39.0,"[""Header_Length"", ""Protocol Type"", ""Time_To_Live"", ""Rate"", ""fin_flag_number"", ""syn_flag_number"", ""rst_flag_number"", ""psh_flag_number"", ""ack_flag_number"", ""ece_flag_number"", ""cwr_flag_number"", ""ack_count"", ""syn_count"", ""fin_count"", ""rst_count"", ""HTTP"", ""HTTPS"", ""DNS"", ""Telnet"", ""SMTP"", ""SSH"", ""IRC"", ""TCP"", ""UDP"", ""DHCP"", ""ARP"", ""ICMP"", ""IGMP"", ""IPv"", ""LLC"", ""Tot sum"", ""Min"", ""Max"", ""AVG"", ""Std"", ""Tot size"", ""IAT"", ""Number"", ""Variance""]",utf-8,1.019945
BrowserHijacking/BrowserHijacking.pcap.csv,BrowserHijacking.pcap.csv,.csv,1207500,1.151562,0.001125,cb8ae8b62bfbb9594ca54a042d80ebfa194526279c1e7c60b3fc9d587264e40b,CSV,5859.0,39.0,"[""Header_Length"", ""Protocol Type"", ""Time_To_Live"", ""Rate"", ""fin_flag_number"", ""syn_flag_number"", ""rst_flag_number"", ""psh_flag_number"", ""ack_flag_number"", ""ece_flag_number"", ""cwr_flag_number"", ""ack_count"", ""syn_count"", ""fin_count"", ""rst_count"", ""HTTP"", ""HTTPS"", ""DNS"", ""Telnet"", ""SMTP"", ""SSH"", ""IRC"", ""TCP"", ""UDP"", ""DHCP"", ""ARP"", ""ICMP"", ""IGMP"", ""IPv"", ""LLC"", ""Tot sum"", ""Min"", ""Max"", ""AVG"", ""Std"", ""Tot size"", ""IAT"", ""Number"", ""Variance""]",utf-8,0.207404
CommandInjection/CommandInjection.pcap.csv,CommandInjection.pcap.csv,.csv,1107913,1.056588,0.001032,8d2cacd92968707719bdc67fea854558e45f083fb315df6c52b637db18fd4aeb,CSV,5409.0,39.0,"[""Header_Length"", ""Protocol Type"", ""Time_To_Live"", ""Rate"", ""fin_flag_number"", ""syn_flag_number"", ""rst_flag_number"", ""psh_flag_number"", ""ack_flag_number"", ""ece_flag_number"", ""cwr_flag_number"", ""ack_count"", ""syn_count"", ""fin_count"", ""rst_count"", ""HTTP"", ""HTTPS"", ""DNS"", ""Telnet"", ""SMTP"", ""SSH"", ""IRC"", ""TCP"", ""UDP"", ""DHCP"", ""ARP"", ""ICMP"", ""IGMP"", ""IPv"", ""LLC"", ""Tot sum"", ""Min"", ""Max"", ""AVG"", ""Std"", ""Tot size"", ""IAT"", ""Number"", ""Variance""]",utf-8,0.213073
DDoS-ACK_Fragmentation/DDoS-ACK_Fragmentation.pcap.csv,DDoS-ACK_Fragmentation.pcap.csv,.csv,5530254,5.274061,0.00515,60ade5c90233e02d09012cef3a84a8da69d9e8d5cf4f544e4a09c8ba0647cecc,CSV,25090.0,39.0,"[""Header_Length"", ""Protocol Type"", ""Time_To_Live"", ""Rate"", ""fin_flag_number"", ""syn_flag_number"", ""rst_flag_number"", ""psh_flag_number"", ""ack_flag_number"", ""ece_flag_number"", ""cwr_flag_number"", ""ack_count"", ""syn_count"", ""fin_count"", ""rst_count"", ""HTTP"", ""HTTPS"", ""DNS"", ""Telnet"", ""SMTP"", ""SSH"", ""IRC"", ""TCP"", ""UDP"", ""DHCP"", ""ARP"", ""ICMP"", ""IGMP"", ""IPv"", ""LLC"", ""Tot sum"", ""Min"", ""Max"", ""AVG"", ""Std"", ""Tot size"", ""IAT"", ""Number"", ""Variance""]",utf-8,0.387047
DDoS-ACK_Fragmentation/DDoS-ACK_Fragmentation1.pcap.csv,DDoS-ACK_Fragmentation1.pcap.csv,.csv,4944205,4.715161,0.004605,4f98d902c998c30135fad1afef74743c4cfc5b6eec506c2e2303fe4d0148d8bf,CSV,22416.0,39.0,"[""Header_Length"", ""Protocol Type"", ""Time_To_Live"", ""Rate"", ""fin_flag_number"", ""syn_flag_number"", ""rst_flag_number"", ""psh_flag_number"", ""ack_flag_number"", ""ece_flag_number"", ""cwr_flag_number"", ""ack_count"", ""syn_count"", ""fin_count"", ""rst_count"", ""HTTP"", ""HTTPS"", ""DNS"", ""Telnet"", ""SMTP"", ""SSH"", ""IRC"", ""TCP"", ""UDP"", ""DHCP"", ""ARP"", ""ICMP"", ""IGMP"", ""IPv"", ""LLC"", ""Tot sum"", ""Min"", ""Max"", ""AVG"", ""Std"", ""Tot size"", ""IAT"", ""Number"", ""Variance""]",utf-8,0.31537
DDoS-ACK_Fragmentation/DDoS-ACK_Fragmentation10.pcap.csv,DDoS-ACK_Fragmentation10.pcap.csv,.csv,5015945,4.783578,0.004671,0b3152338a9987e4b5230d3b11f80b983c42e24defb0aca4b52326b4d314e989,CSV,22750.0,39.0,"[""Header_Length"", ""Protocol Type"", ""Time_To_Live"", ""Rate"", ""fin_flag_number"", ""syn_flag_number"", ""rst_flag_number"", ""psh_flag_number"", ""ack_flag_number"", ""ece_flag_number"", ""cwr_flag_number"", ""ack_count"", ""syn_count"", ""fin_count"", ""rst_count"", ""HTTP"", ""HTTPS"", ""DNS"", ""Telnet"", ""SMTP"", ""SSH"", ""IRC"", ""TCP"", ""UDP"", ""DHCP"", ""ARP"", ""ICMP"", ""IGMP"", ""IPv"", ""LLC"", ""Tot sum"", ""Min"", ""Max"", ""AVG"", ""Std"", ""Tot size"", ""IAT"", ""Number"", ""Variance""]",utf-8,0.267497
DDoS-ACK_Fragmentation/DDoS-ACK_Fragmentation11.pcap.csv,DDoS-ACK_Fragmentation11.pcap.csv,.csv,5008522,4.776499,0.004665,a6be3ad9d16fab18b632047d4a10f30b48ed657fd1f2caccc37007e1f754549a,CSV,22761.0,39.0,"[""Header_Length"", ""Protocol Type"", ""Time_To_Live"", ""Rate"", ""fin_flag_number"", ""syn_flag_number"", ""rst_flag_number"", ""psh_flag_number"", ""ack_flag_number"", ""ece_flag_number"", ""cwr_flag_number"", ""ack_count"", ""syn_count"", ""fin_count"", ""rst_count"", ""HTTP"", ""HTTPS"", ""DNS"", ""Telnet"", ""SMTP"", ""SSH"", ""IRC"", ""TCP"", ""UDP"", ""DHCP"", ""ARP"", ""ICMP"", ""IGMP"", ""IPv"", ""LLC"", ""Tot sum"", ""Min"", ""Max"", ""AVG"", ""Std"", ""Tot size"", ""IAT"", ""Number"", ""Variance""]",utf-8,0.316698
DDoS-ACK_Fragmentation/DDoS-ACK_Fragmentation12.pcap.csv,DDoS-ACK_Fragmentation12.pcap.csv,.csv,2099587,2.002322,0.001955,44c2df9ec2c0c2e89452f1a859e0710538750a287a215ae571488ce5b14091bd,CSV,9482.0,39.0,"[""Header_Length"", ""Protocol Type"", ""Time_To_Live"", ""Rate"", ""fin_flag_number"", ""syn_flag_number"", ""rst_flag_number"", ""psh_flag_number"", ""ack_flag_number"", ""ece_flag_number"", ""cwr_flag_number"", ""ack_count"", ""syn_count"", ""fin_count"", ""rst_count"", ""HTTP"", ""HTTPS"", ""DNS"", ""Telnet"", ""SMTP"", ""SSH"", ""IRC"", ""TCP"", ""UDP"", ""DHCP"", ""ARP"", ""ICMP"", ""IGMP"", ""IPv"", ""LLC"", ""Tot sum"", ""Min"", ""Max"", ""AVG"", ""Std"", ""Tot size"", ""IAT"", ""Number"", ""Variance""]",utf-8,0.242321
DDoS-ACK_Fragmentation/DDoS-ACK_Fragmentation2.pcap.csv,DDoS-ACK_Fragmentation2.pcap.csv,.csv,4976425,4.745889,0.004635,ce4213d9dd28b243b01d415894c020352cd41bb5c841c5ac1177c2b089dea8bd,CSV,22550.0,39.0,"[""Header_Length"", ""Protocol Type"", ""Time_To_Live"", ""Rate"", ""fin_flag_number"", ""syn_flag_number"", ""rst_flag_number"", ""psh_flag_number"", ""ack_flag_number"", ""ece_flag_number"", ""cwr_flag_number"", ""ack_count"", ""syn_count"", ""fin_count"", ""rst_count"", ""HTTP"", ""HTTPS"", ""DNS"", ""Telnet"", ""SMTP"", ""SSH"", ""IRC"", ""TCP"", ""UDP"", ""DHCP"", ""ARP"", ""ICMP"", ""IGMP"", ""IPv"", ""LLC"", ""Tot sum"", ""Min"", ""Max"", ""AVG"", ""Std"", ""Tot size"", ""IAT"", ""Number"", ""Variance""]",utf-8,0.335744
DDoS-ACK_Fragmentation/DDoS-ACK_Fragmentation3.pcap.csv,DDoS-ACK_Fragmentation3.pcap.csv,.csv,5035034,4.801783,0.004689,d3d8090be949de3b3c1dc7afe72281730439b94f37aca8953a6b3fd38b09dd35,CSV,22820.0,39.0,"[""Header_Length"", ""Protocol Type"", ""Time_To_Live"", ""Rate"", ""fin_flag_number"", ""syn_flag_number"", ""rst_flag_number"", ""psh_flag_number"", ""ack_flag_number"", ""ece_flag_number"", ""cwr_flag_number"", ""ack_count"", ""syn_count"", ""fin_count"", ""rst_count"", ""HTTP"", ""HTTPS"", ""DNS"", ""Telnet"", ""SMTP"", ""SSH"", ""IRC"", ""TCP"", ""UDP"", ""DHCP"", ""ARP"", ""ICMP"", ""IGMP"", ""IPv"", ""LLC"", ""Tot sum"", ""Min"", ""Max"", ""AVG"", ""Std"", ""Tot size"", ""IAT"", ""Number"", ""Variance""]",utf-8,0.36547
DDoS-ACK_Fragmentation/DDoS-ACK_Fragmentation4.pcap.csv,DDoS-ACK_Fragmentation4.pcap.csv,.csv,4946356,4.717213,0.004607,763539448e1b6aa4e22aa5a79f6ccb8f03493e3ee43b700750374558f5fc1129,CSV,22483.0,39.0,"[""Header_Length"", ""Protocol Type"", ""Time_To_Live"", ""Rate"", ""fin_flag_number"", ""syn_flag_number"", ""rst_flag_number"", ""psh_flag_number"", ""ack_flag_number"", ""ece_flag_number"", ""cwr_flag_number"", ""ack_count"", ""syn_count"", ""fin_count"", ""rst_count"", ""HTTP"", ""HTTPS"", ""DNS"", ""Telnet"", ""SMTP"", ""SSH"", ""IRC"", ""TCP"", ""UDP"", ""DHCP"", ""ARP"", ""ICMP"", ""IGMP"", ""IPv"", ""LLC"", ""Tot sum"", ""Min"", ""Max"", ""AVG"", ""Std"", ""Tot size"", ""IAT"", ""Number"", ""Variance""]",utf-8,0.306493
DDoS-ACK_Fragmentation/DDoS-ACK_Fragmentation5.pcap.csv,DDoS-ACK_Fragmentation5.pcap.csv,.csv,4801947,4.579494,0.004472,14deed9325342a5c0828d42d0c404623887bbd4fbd259194b1e88a301703e598,CSV,21977.0,39.0,"[""Header_Length"", ""Protocol Type"", ""Time_To_Live"", ""Rate"", ""fin_flag_number"", ""syn_flag_number"", ""rst_flag_number"", ""psh_flag_number"", ""ack_flag_number"", ""ece_flag_number"", ""cwr_flag_number"", ""ack_count"", ""syn_count"", ""fin_count"", ""rst_count"", ""HTTP"", ""HTTPS"", ""DNS"", ""Telnet"", ""SMTP"", ""SSH"", ""IRC"", ""TCP"", ""UDP"", ""DHCP"", ""ARP"", ""ICMP"", ""IGMP"", ""IPv"", ""LLC"", ""Tot sum"", ""Min"", ""Max"", ""AVG"", ""Std"", ""Tot size"", ""IAT"", ""Number"", ""Variance""]",utf-8,0.303743
DDoS-ACK_Fragmentation/DDoS-ACK_Fragmentation6.pcap.csv,DDoS-ACK_Fragmentation6.pcap.csv,.csv,4852412,4.627621,0.004519,25087f2ca3b75e5dcf80844b1ce8039febc2af16bd86931300ff1b0567184968,CSV,22144.0,39.0,"[""Header_Length"", ""Protocol Type"", ""Time_To_Live"", ""Rate"", ""fin_flag_number"", ""syn_flag_number"", ""rst_flag_number"", ""psh_flag_number"", ""ack_flag_number"", ""ece_flag_number"", ""cwr_flag_number"", ""ack_count"", ""syn_count"", ""fin_count"", ""rst_count"", ""HTTP"", ""HTTPS"", ""DNS"", ""Telnet"", ""SMTP"", ""SSH"", ""IRC"", ""TCP"", ""UDP"", ""DHCP"", ""ARP"", ""ICMP"", ""IGMP"", ""IPv"", ""LLC"", ""Tot sum"", ""Min"", ""Max"", ""AVG"", ""Std"", ""Tot size"", ""IAT"", ""Number"", ""Variance""]",utf-8,0.311832
DDoS-ACK_Fragmentation/DDoS-ACK_Fragmentation7.pcap.csv,DDoS-ACK_Fragmentation7.pcap.csv,.csv,4898374,4.671453,0.004562,045a21f9059f02ace4c9570922e2cefbd3945b7c628ec9b2d53b3484cb31abba,CSV,22253.0,39.0,"[""Header_Length"", ""Protocol Type"", ""Time_To_Live"", ""Rate"", ""fin_flag_number"", ""syn_flag_number"", ""rst_flag_number"", ""psh_flag_number"", ""ack_flag_number"", ""ece_flag_number"", ""cwr_flag_number"", ""ack_count"", ""syn_count"", ""fin_count"", ""rst_count"", ""HTTP"", ""HTTPS"", ""DNS"", ""Telnet"", ""SMTP"", ""SSH"", ""IRC"", ""TCP"", ""UDP"", ""DHCP"", ""ARP"", ""ICMP"", ""IGMP"", ""IPv"", ""LLC"", ""Tot sum"", ""Min"", ""Max"", ""AVG"", ""Std"", ""Tot size"", ""IAT"", ""Number"", ""Variance""]",utf-8,0.294798
DDoS-ACK_Fragmentation/DDoS-ACK_Fragmentation8.pcap.csv,DDoS-ACK_Fragmentation8.pcap.csv,.csv,4933846,4.705282,0.004595,439692bdaf1d1552e5510e733d13ec8f37988c932a943ba9c4b7fc9f082dbf03,CSV,22469.0,39.0,"[""Header_Length"", ""Protocol Type"", ""Time_To_Live"", ""Rate"", ""fin_flag_number"", ""syn_flag_number"", ""rst_flag_number"", ""psh_flag_number"", ""ack_flag_number"", ""ece_flag_number"", ""cwr_flag_number"", ""ack_count"", ""syn_count"", ""fin_count"", ""rst_count"", ""HTTP"", ""HTTPS"", ""DNS"", ""Telnet"", ""SMTP"", ""SSH"", ""IRC"", ""TCP"", ""UDP"", ""DHCP"", ""ARP"", ""ICMP"", ""IGMP"", ""IPv"", ""LLC"", ""Tot sum"", ""Min"", ""Max"", ""AVG"", ""Std"", ""Tot size"", ""IAT"", ""Number"", ""Variance""]",utf-8,0.212565
DDoS-ACK_Fragmentation/DDoS-ACK_Fragmentation9.pcap.csv,DDoS-ACK_Fragmentation9.pcap.csv,.csv,5734938,5.469263,0.005341,483282b72872e84b1955369a76d9eacc52c3a1757210c69c83b03283e44613dd,CSV,25880.0,39.0,"[""Header_Length"", ""Protocol Type"", ""Time_To_Live"", ""Rate"", ""fin_flag_number"", ""syn_flag_number"", ""rst_flag_number"", ""psh_flag_number"", ""ack_flag_number"", ""ece_flag_number"", ""cwr_flag_number"", ""ack_count"", ""syn_count"", ""fin_count"", ""rst_count"", ""HTTP"", ""HTTPS"", ""DNS"", ""Telnet"", ""SMTP"", ""SSH"", ""IRC"", ""TCP"", ""UDP"", ""DHCP"", ""ARP"", ""ICMP"", ""IGMP"", ""IPv"", ""LLC"", ""Tot sum"", ""Min"", ""Max"", ""AVG"", ""Std"", ""Tot size"", ""IAT"", ""Number"", ""Variance""]",utf-8,0.223203
DDoS-HTTP_Flood/DDoS-HTTP_Flood-.pcap.csv,DDoS-HTTP_Flood-.pcap.csv,.csv,6449785,6.150994,0.006007,124ac9cae65694761d755e9709d87f7375d8b85b8ee073860f050eebdab515ee,CSV,28790.0,39.0,"[""Header_Length"", ""Protocol Type"", ""Time_To_Live"", ""Rate"", ""fin_flag_number"", ""syn_flag_number"", ""rst_flag_number"", ""psh_flag_number"", ""ack_flag_number"", ""ece_flag_number"", ""cwr_flag_number"", ""ack_count"", ""syn_count"", ""fin_count"", ""rst_count"", ""HTTP"", ""HTTPS"", ""DNS"", ""Telnet"", ""SMTP"", ""SSH"", ""IRC"", ""TCP"", ""UDP"", ""DHCP"", ""ARP"", ""ICMP"", ""IGMP"", ""IPv"", ""LLC"", ""Tot sum"", ""Min"", ""Max"", ""AVG"", ""Std"", ""Tot size"", ""IAT"", ""Number"", ""Variance""]",utf-8,0.36309
DDoS-ICMP_Flood/DDoS-ICMP_Flood.pcap.csv,DDoS-ICMP_Flood.pcap.csv,.csv,49629237,47.330129,0.046221,641a73fa306b129b6b5f5669b84e737bea15243bb3996c37d56248698a4d4cf4,CSV,268010.0,39.0,"[""Header_Length"", ""Protocol Type"", ""Time_To_Live"", ""Rate"", ""fin_flag_number"", ""syn_flag_number"", ""rst_flag_number"", ""psh_flag_number"", ""ack_flag_number"", ""ece_flag_number"", ""cwr_flag_number"", ""ack_count"", ""syn_count"", ""fin_count"", ""rst_count"", ""HTTP"", ""HTTPS"", ""DNS"", ""Telnet"", ""SMTP"", ""SSH"", ""IRC"", ""TCP"", ""UDP"", ""DHCP"", ""ARP"", ""ICMP"", ""IGMP"", ""IPv"", ""LLC"", ""Tot sum"", ""Min"", ""Max"", ""AVG"", ""Std"", ""Tot size"", ""IAT"", ""Number"", ""Variance""]",utf-8,1.709074
DDoS-ICMP_Flood/DDoS-ICMP_Flood1.pcap.csv,DDoS-ICMP_Flood1.pcap.csv,.csv,49499929,47.206811,0.0461,27e9b7616175a48d9dabf534f6f340f0fd780f3d5ab98bba0caf042852fa448e,CSV,268903.0,39.0,"[""Header_Length"", ""Protocol Type"", ""Time_To_Live"", ""Rate"", ""fin_flag_number"", ""syn_flag_number"", ""rst_flag_number"", ""psh_flag_number"", ""ack_flag_number"", ""ece_flag_number"", ""cwr_flag_number"", ""ack_count"", ""syn_count"", ""fin_count"", ""rst_count"", ""HTTP"", ""HTTPS"", ""DNS"", ""Telnet"", ""SMTP"", ""SSH"", ""IRC"", ""TCP"", ""UDP"", ""DHCP"", ""ARP"", ""ICMP"", ""IGMP"", ""IPv"", ""LLC"", ""Tot sum"", ""Min"", ""Max"", ""AVG"", ""Std"", ""Tot size"", ""IAT"", ""Number"", ""Variance""]",utf-8,1.823823
DDoS-ICMP_Flood/DDoS-ICMP_Flood10.pcap.csv,DDoS-ICMP_Flood10.pcap.csv,.csv,49550267,47.254817,0.046147,f7a5b4c13a01aec1f09018466024821bfc3c7c1ffa96435a76172118f71d1f30,CSV,268527.0,39.0,"[""Header_Length"", ""Protocol Type"", ""Time_To_Live"", ""Rate"", ""fin_flag_number"", ""syn_flag_number"", ""rst_flag_number"", ""psh_flag_number"", ""ack_flag_number"", ""ece_flag_number"", ""cwr_flag_number"", ""ack_count"", ""syn_count"", ""fin_count"", ""rst_count"", ""HTTP"", ""HTTPS"", ""DNS"", ""Telnet"", ""SMTP"", ""SSH"", ""IRC"", ""TCP"", ""UDP"", ""DHCP"", ""ARP"", ""ICMP"", ""IGMP"", ""IPv"", ""LLC"", ""Tot sum"", ""Min"", ""Max"", ""AVG"", ""Std"", ""Tot size"", ""IAT"", ""Number"", ""Variance""]",utf-8,2.21223
DDoS-ICMP_Flood/DDoS-ICMP_Flood11.pcap.csv,DDoS-ICMP_Flood11.pcap.csv,.csv,49550761,47.255288,0.046148,39a6f6b48c6846fbc2a5109467484850352060634bec53c238873bd5cbbe6de5,CSV,268373.0,39.0,"[""Header_Length"", ""Protocol Type"", ""Time_To_Live"", ""Rate"", ""fin_flag_number"", ""syn_flag_number"", ""rst_flag_number"", ""psh_flag_number"", ""ack_flag_number"", ""ece_flag_number"", ""cwr_flag_number"", ""ack_count"", ""syn_count"", ""fin_count"", ""rst_count"", ""HTTP"", ""HTTPS"", ""DNS"", ""Telnet"", ""SMTP"", ""SSH"", ""IRC"", ""TCP"", ""UDP"", ""DHCP"", ""ARP"", ""ICMP"", ""IGMP"", ""IPv"", ""LLC"", ""Tot sum"", ""Min"", ""Max"", ""AVG"", ""Std"", ""Tot size"", ""IAT"", ""Number"", ""Variance""]",utf-8,3.691706
DDoS-ICMP_Flood/DDoS-ICMP_Flood12.pcap.csv,DDoS-ICMP_Flood12.pcap.csv,.csv,49442023,47.151587,0.046046,021b63df33abc3ecc05488764be9a7374d459274a92ab062254062b439eff8bd,CSV,268218.0,39.0,"[""Header_Length"", ""Protocol Type"", ""Time_To_Live"", ""Rate"", ""fin_flag_number"", ""syn_flag_number"", ""rst_flag_number"", ""psh_flag_number"", ""ack_flag_number"", ""ece_flag_number"", ""cwr_flag_number"", ""ack_count"", ""syn_count"", ""fin_count"", ""rst_count"", ""HTTP"", ""HTTPS"", ""DNS"", ""Telnet"", ""SMTP"", ""SSH"", ""IRC"", ""TCP"", ""UDP"", ""DHCP"", ""ARP"", ""ICMP"", ""IGMP"", ""IPv"", ""LLC"", ""Tot sum"", ""Min"", ""Max"", ""AVG"", ""Std"", ""Tot size"", ""IAT"", ""Number"", ""Variance""]",utf-8,3.451552
DDoS-ICMP_Flood/DDoS-ICMP_Flood13.pcap.csv,DDoS-ICMP_Flood13.pcap.csv,.csv,49140896,46.86441,0.045766,bb94c9f4d963c3693a36b822d5c2599f497e32cc9e5b12270a3f3366429b4030,CSV,266839.0,39.0,"[""Header_Length"", ""Protocol Type"", ""Time_To_Live"", ""Rate"", ""fin_flag_number"", ""syn_flag_number"", ""rst_flag_number"", ""psh_flag_number"", ""ack_flag_number"", ""ece_flag_number"", ""cwr_flag_number"", ""ack_count"", ""syn_count"", ""fin_count"", ""rst_count"", ""HTTP"", ""HTTPS"", ""DNS"", ""Telnet"", ""SMTP"", ""SSH"", ""IRC"", ""TCP"", ""UDP"", ""DHCP"", ""ARP"", ""ICMP"", ""IGMP"", ""IPv"", ""LLC"", ""Tot sum"", ""Min"", ""Max"", ""AVG"", ""Std"", ""Tot size"", ""IAT"", ""Number"", ""Variance""]",utf-8,2.431413
DDoS-ICMP_Flood/DDoS-ICMP_Flood14.pcap.csv,DDoS-ICMP_Flood14.pcap.csv,.csv,49230229,46.949605,0.045849,0b8c13f7c16c6399171f9af3761c5235cba0212ef23962810321aaf1af4a599d,CSV,266548.0,39.0,"[""Header_Length"", ""Protocol Type"", ""Time_To_Live"", ""Rate"", ""fin_flag_number"", ""syn_flag_number"", ""rst_flag_number"", ""psh_flag_number"", ""ack_flag_number"", ""ece_flag_number"", ""cwr_flag_number"", ""ack_count"", ""syn_count"", ""fin_count"", ""rst_count"", ""HTTP"", ""HTTPS"", ""DNS"", ""Telnet"", ""SMTP"", ""SSH"", ""IRC"", ""TCP"", ""UDP"", ""DHCP"", ""ARP"", ""ICMP"", ""IGMP"", ""IPv"", ""LLC"", ""Tot sum"", ""Min"", ""Max"", ""AVG"", ""Std"", ""Tot size"", ""IAT"", ""Number"", ""Variance""]",utf-8,1.941123
DDoS-ICMP_Flood/DDoS-ICMP_Flood15.pcap.csv,DDoS-ICMP_Flood15.pcap.csv,.csv,48726461,46.469174,0.04538,53a935da714062f280233582a7cbc4049610fb4980b164b1296dfd7e9370ebb0,CSV,263840.0,39.0,"[""Header_Length"", ""Protocol Type"", ""Time_To_Live"", ""Rate"", ""fin_flag_number"", ""syn_flag_number"", ""rst_flag_number"", ""psh_flag_number"", ""ack_flag_number"", ""ece_flag_number"", ""cwr_flag_number"", ""ack_count"", ""syn_count"", ""fin_count"", ""rst_count"", ""HTTP"", ""HTTPS"", ""DNS"", ""Telnet"", ""SMTP"", ""SSH"", ""IRC"", ""TCP"", ""UDP"", ""DHCP"", ""ARP"", ""ICMP"", ""IGMP"", ""IPv"", ""LLC"", ""Tot sum"", ""Min"", ""Max"", ""AVG"", ""Std"", ""Tot size"", ""IAT"", ""Number"", ""Variance""]",utf-8,1.822316
DDoS-ICMP_Flood/DDoS-ICMP_Flood16.pcap.csv,DDoS-ICMP_Flood16.pcap.csv,.csv,46172166,44.033209,0.043001,ac67c45d92fac387360c66fe50c53887214d120b20ee4c5f9f82f17eb3519084,CSV,249338.0,39.0,"[""Header_Length"", ""Protocol Type"", ""Time_To_Live"", ""Rate"", ""fin_flag_number"", ""syn_flag_number"", ""rst_flag_number"", ""psh_flag_number"", ""ack_flag_number"", ""ece_flag_number"", ""cwr_flag_number"", ""ack_count"", ""syn_count"", ""fin_count"", ""rst_count"", ""HTTP"", ""HTTPS"", ""DNS"", ""Telnet"", ""SMTP"", ""SSH"", ""IRC"", ""TCP"", ""UDP"", ""DHCP"", ""ARP"", ""ICMP"", ""IGMP"", ""IPv"", ""LLC"", ""Tot sum"", ""Min"", ""Max"", ""AVG"", ""Std"", ""Tot size"", ""IAT"", ""Number"", ""Variance""]",utf-8,1.533591
DDoS-ICMP_Flood/DDoS-ICMP_Flood17.pcap.csv,DDoS-ICMP_Flood17.pcap.csv,.csv,49070655,46.797423,0.045701,0095ed0e497f199caadc467e324c1a0713e5edd8e1f0c3a5898f64490d6ee4af,CSV,267895.0,39.0,"[""Header_Length"", ""Protocol Type"", ""Time_To_Live"", ""Rate"", ""fin_flag_number"", ""syn_flag_number"", ""rst_flag_number"", ""psh_flag_number"", ""ack_flag_number"", ""ece_flag_number"", ""cwr_flag_number"", ""ack_count"", ""syn_count"", ""fin_count"", ""rst_count"", ""HTTP"", ""HTTPS"", ""DNS"", ""Telnet"", ""SMTP"", ""SSH"", ""IRC"", ""TCP"", ""UDP"", ""DHCP"", ""ARP"", ""ICMP"", ""IGMP"", ""IPv"", ""LLC"", ""Tot sum"", ""Min"", ""Max"", ""AVG"", ""Std"", ""Tot size"", ""IAT"", ""Number"", ""Variance""]",utf-8,1.483167
DDoS-ICMP_Flood/DDoS-ICMP_Flood18.pcap.csv,DDoS-ICMP_Flood18.pcap.csv,.csv,49173006,46.895033,0.045796,d0420e1be47080c50da8e4a0d2114950e331602bfa30aa31007ef488c34737e6,CSV,269201.0,39.0,"[""Header_Length"", ""Protocol Type"", ""Time_To_Live"", ""Rate"", ""fin_flag_number"", ""syn_flag_number"", ""rst_flag_number"", ""psh_flag_number"", ""ack_flag_number"", ""ece_flag_number"", ""cwr_flag_number"", ""ack_count"", ""syn_count"", ""fin_count"", ""rst_count"", ""HTTP"", ""HTTPS"", ""DNS"", ""Telnet"", ""SMTP"", ""SSH"", ""IRC"", ""TCP"", ""UDP"", ""DHCP"", ""ARP"", ""ICMP"", ""IGMP"", ""IPv"", ""LLC"", ""Tot sum"", ""Min"", ""Max"", ""AVG"", ""Std"", ""Tot size"", ""IAT"", ""Number"", ""Variance""]",utf-8,1.516338
DDoS-ICMP_Flood/DDoS-ICMP_Flood19.pcap.csv,DDoS-ICMP_Flood19.pcap.csv,.csv,49463881,47.172433,0.046067,7775ddcb3947df1cef84f463df704ac4da40e2ffc728624aeb56a6010a55dab2,CSV,268311.0,39.0,"[""Header_Length"", ""Protocol Type"", ""Time_To_Live"", ""Rate"", ""fin_flag_number"", ""syn_flag_number"", ""rst_flag_number"", ""psh_flag_number"", ""ack_flag_number"", ""ece_flag_number"", ""cwr_flag_number"", ""ack_count"", ""syn_count"", ""fin_count"", ""rst_count"", ""HTTP"", ""HTTPS"", ""DNS"", ""Telnet"", ""SMTP"", ""SSH"", ""IRC"", ""TCP"", ""UDP"", ""DHCP"", ""ARP"", ""ICMP"", ""IGMP"", ""IPv"", ""LLC"", ""Tot sum"", ""Min"", ""Max"", ""AVG"", ""Std"", ""Tot size"", ""IAT"", ""Number"", ""Variance""]",utf-8,1.919996
DDoS-ICMP_Flood/DDoS-ICMP_Flood2.pcap.csv,DDoS-ICMP_Flood2.pcap.csv,.csv,48959577,46.691491,0.045597,a4b7124eb0bcbbb6df4d3488d81d4cb2849a1232b6c5ebd29200530247d778d7,CSV,264070.0,39.0,"[""Header_Length"", ""Protocol Type"", ""Time_To_Live"", ""Rate"", ""fin_flag_number"", ""syn_flag_number"", ""rst_flag_number"", ""psh_flag_number"", ""ack_flag_number"", ""ece_flag_number"", ""cwr_flag_number"", ""ack_count"", ""syn_count"", ""fin_count"", ""rst_count"", ""HTTP"", ""HTTPS"", ""DNS"", ""Telnet"", ""SMTP"", ""SSH"", ""IRC"", ""TCP"", ""UDP"", ""DHCP"", ""ARP"", ""ICMP"", ""IGMP"", ""IPv"", ""LLC"", ""Tot sum"", ""Min"", ""Max"", ""AVG"", ""Std"", ""Tot size"", ""IAT"", ""Number"", ""Variance""]",utf-8,1.936908
DDoS-ICMP_Flood/DDoS-ICMP_Flood20.pcap.csv,DDoS-ICMP_Flood20.pcap.csv,.csv,48926723,46.660159,0.045567,fbc88aae7bd836d18c4df10d57c94d5ca08a8885198fb0c107ae83524c7241e3,CSV,265195.0,39.0,"[""Header_Length"", ""Protocol Type"", ""Time_To_Live"", ""Rate"", ""fin_flag_number"", ""syn_flag_number"", ""rst_flag_number"", ""psh_flag_number"", ""ack_flag_number"", ""ece_flag_number"", ""cwr_flag_number"", ""ack_count"", ""syn_count"", ""fin_count"", ""rst_count"", ""HTTP"", ""HTTPS"", ""DNS"", ""Telnet"", ""SMTP"", ""SSH"", ""IRC"", ""TCP"", ""UDP"", ""DHCP"", ""ARP"", ""ICMP"", ""IGMP"", ""IPv"", ""LLC"", ""Tot sum"", ""Min"", ""Max"", ""AVG"", ""Std"", ""Tot size"", ""IAT"", ""Number"", ""Variance""]",utf-8,3.038961
DDoS-ICMP_Flood/DDoS-ICMP_Flood21.pcap.csv,DDoS-ICMP_Flood21.pcap.csv,.csv,49445804,47.155193,0.04605,9525bf4b37c6c859b85a582a60ab1b0b1df48deeaad731b20cf60496b9e782ee,CSV,268530.0,39.0,"[""Header_Length"", ""Protocol Type"", ""Time_To_Live"", ""Rate"", ""fin_flag_number"", ""syn_flag_number"", ""rst_flag_number"", ""psh_flag_number"", ""ack_flag_number"", ""ece_flag_number"", ""cwr_flag_number"", ""ack_count"", ""syn_count"", ""fin_count"", ""rst_count"", ""HTTP"", ""HTTPS"", ""DNS"", ""Telnet"", ""SMTP"", ""SSH"", ""IRC"", ""TCP"", ""UDP"", ""DHCP"", ""ARP"", ""ICMP"", ""IGMP"", ""IPv"", ""LLC"", ""Tot sum"", ""Min"", ""Max"", ""AVG"", ""Std"", ""Tot size"", ""IAT"", ""Number"", ""Variance""]",utf-8,2.77831
DDoS-ICMP_Flood/DDoS-ICMP_Flood22.pcap.csv,DDoS-ICMP_Flood22.pcap.csv,.csv,48942961,46.675645,0.045582,d99a8c35f2385c52bbd663c40418a09158519ca1e9ad25a1e99b4a7ead89c5dd,CSV,266941.0,39.0,"[""Header_Length"", ""Protocol Type"", ""Time_To_Live"", ""Rate"", ""fin_flag_number"", ""syn_flag_number"", ""rst_flag_number"", ""psh_flag_number"", ""ack_flag_number"", ""ece_flag_number"", ""cwr_flag_number"", ""ack_count"", ""syn_count"", ""fin_count"", ""rst_count"", ""HTTP"", ""HTTPS"", ""DNS"", ""Telnet"", ""SMTP"", ""SSH"", ""IRC"", ""TCP"", ""UDP"", ""DHCP"", ""ARP"", ""ICMP"", ""IGMP"", ""IPv"", ""LLC"", ""Tot sum"", ""Min"", ""Max"", ""AVG"", ""Std"", ""Tot size"", ""IAT"", ""Number"", ""Variance""]",utf-8,2.436801
DDoS-ICMP_Flood/DDoS-ICMP_Flood23.pcap.csv,DDoS-ICMP_Flood23.pcap.csv,.csv,49153368,46.876305,0.045778,06d4dd575f5a4b38db03756aa90aa77f39950a1e3d4825f70d456af14ccd5b4a,CSV,268450.0,39.0,"[""Header_Length"", ""Protocol Type"", ""Time_To_Live"", ""Rate"", ""fin_flag_number"", ""syn_flag_number"", ""rst_flag_number"", ""psh_flag_number"", ""ack_flag_number"", ""ece_flag_number"", ""cwr_flag_number"", ""ack_count"", ""syn_count"", ""fin_count"", ""rst_count"", ""HTTP"", ""HTTPS"", ""DNS"", ""Telnet"", ""SMTP"", ""SSH"", ""IRC"", ""TCP"", ""UDP"", ""DHCP"", ""ARP"", ""ICMP"", ""IGMP"", ""IPv"", ""LLC"", ""Tot sum"", ""Min"", ""Max"", ""AVG"", ""Std"", ""Tot size"", ""IAT"", ""Number"", ""Variance""]",utf-8,2.208685
DDoS-ICMP_Flood/DDoS-ICMP_Flood24.pcap.csv,DDoS-ICMP_Flood24.pcap.csv,.csv,48897469,46.63226,0.045539,af4988e3db097ab2e68071e16768e006459b814666eeda34bfed06380f3a73ec,CSV,267505.0,39.0,"[""Header_Length"", ""Protocol Type"", ""Time_To_Live"", ""Rate"", ""fin_flag_number"", ""syn_flag_number"", ""rst_flag_number"", ""psh_flag_number"", ""ack_flag_number"", ""ece_flag_number"", ""cwr_flag_number"", ""ack_count"", ""syn_count"", ""fin_count"", ""rst_count"", ""HTTP"", ""HTTPS"", ""DNS"", ""Telnet"", ""SMTP"", ""SSH"", ""IRC"", ""TCP"", ""UDP"", ""DHCP"", ""ARP"", ""ICMP"", ""IGMP"", ""IPv"", ""LLC"", ""Tot sum"", ""Min"", ""Max"", ""AVG"", ""Std"", ""Tot size"", ""IAT"", ""Number"", ""Variance""]",utf-8,1.728913
DDoS-ICMP_Flood/DDoS-ICMP_Flood25.pcap.csv,DDoS-ICMP_Flood25.pcap.csv,.csv,49439635,47.14931,0.046044,8ed10ff3d561ff3320c8d0ac15b5a1b3069b66a8fda53fc10af4a0ac689f013b,CSV,266632.0,39.0,"[""Header_Length"", ""Protocol Type"", ""Time_To_Live"", ""Rate"", ""fin_flag_number"", ""syn_flag_number"", ""rst_flag_number"", ""psh_flag_number"", ""ack_flag_number"", ""ece_flag_number"", ""cwr_flag_number"", ""ack_count"", ""syn_count"", ""fin_count"", ""rst_count"", ""HTTP"", ""HTTPS"", ""DNS"", ""Telnet"", ""SMTP"", ""SSH"", ""IRC"", ""TCP"", ""UDP"", ""DHCP"", ""ARP"", ""ICMP"", ""IGMP"", ""IPv"", ""LLC"", ""Tot sum"", ""Min"", ""Max"", ""AVG"", ""Std"", ""Tot size"", ""IAT"", ""Number"", ""Variance""]",utf-8,2.282238
DDoS-ICMP_Flood/DDoS-ICMP_Flood26.pcap.csv,DDoS-ICMP_Flood26.pcap.csv,.csv,49230142,46.949522,0.045849,9a0e320124e0dcb9e30d06477062c5ab1aef238fc2873e40825c79957f88362b,CSV,268424.0,39.0,"[""Header_Length"", ""Protocol Type"", ""Time_To_Live"", ""Rate"", ""fin_flag_number"", ""syn_flag_number"", ""rst_flag_number"", ""psh_flag_number"", ""ack_flag_number"", ""ece_flag_number"", ""cwr_flag_number"", ""ack_count"", ""syn_count"", ""fin_count"", ""rst_count"", ""HTTP"", ""HTTPS"", ""DNS"", ""Telnet"", ""SMTP"", ""SSH"", ""IRC"", ""TCP"", ""UDP"", ""DHCP"", ""ARP"", ""ICMP"", ""IGMP"", ""IPv"", ""LLC"", ""Tot sum"", ""Min"", ""Max"", ""AVG"", ""Std"", ""Tot size"", ""IAT"", ""Number"", ""Variance""]",utf-8,1.706088
DDoS-ICMP_Flood/DDoS-ICMP_Flood3.pcap.csv,DDoS-ICMP_Flood3.pcap.csv,.csv,48556977,46.307542,0.045222,94ceee559415f7fe57b9ec89145a148244b5bf05681793b140046f7db507bd3a,CSV,261484.0,39.0,"[""Header_Length"", ""Protocol Type"", ""Time_To_Live"", ""Rate"", ""fin_flag_number"", ""syn_flag_number"", ""rst_flag_number"", ""psh_flag_number"", ""ack_flag_number"", ""ece_flag_number"", ""cwr_flag_number"", ""ack_count"", ""syn_count"", ""fin_count"", ""rst_count"", ""HTTP"", ""HTTPS"", ""DNS"", ""Telnet"", ""SMTP"", ""SSH"", ""IRC"", ""TCP"", ""UDP"", ""DHCP"", ""ARP"", ""ICMP"", ""IGMP"", ""IPv"", ""LLC"", ""Tot sum"", ""Min"", ""Max"", ""AVG"", ""Std"", ""Tot size"", ""IAT"", ""Number"", ""Variance""]",utf-8,1.475201
DDoS-ICMP_Flood/DDoS-ICMP_Flood4.pcap.csv,DDoS-ICMP_Flood4.pcap.csv,.csv,49808959,47.501525,0.046388,ae381314ef379c58c8128cf972197f83870cab24a367bcccae4c2e31e4a36dca,CSV,267814.0,39.0,"[""Header_Length"", ""Protocol Type"", ""Time_To_Live"", ""Rate"", ""fin_flag_number"", ""syn_flag_number"", ""rst_flag_number"", ""psh_flag_number"", ""ack_flag_number"", ""ece_flag_number"", ""cwr_flag_number"", ""ack_count"", ""syn_count"", ""fin_count"", ""rst_count"", ""HTTP"", ""HTTPS"", ""DNS"", ""Telnet"", ""SMTP"", ""SSH"", ""IRC"", ""TCP"", ""UDP"", ""DHCP"", ""ARP"", ""ICMP"", ""IGMP"", ""IPv"", ""LLC"", ""Tot sum"", ""Min"", ""Max"", ""AVG"", ""Std"", ""Tot size"", ""IAT"", ""Number"", ""Variance""]",utf-8,1.757563
DDoS-ICMP_Flood/DDoS-ICMP_Flood5.pcap.csv,DDoS-ICMP_Flood5.pcap.csv,.csv,49339745,47.054048,0.045951,984ba2afe9e1e592c068e40b0d95f1fce50b6bfabf7a23654ff6532b7aae937b,CSV,268142.0,39.0,"[""Header_Length"", ""Protocol Type"", ""Time_To_Live"", ""Rate"", ""fin_flag_number"", ""syn_flag_number"", ""rst_flag_number"", ""psh_flag_number"", ""ack_flag_number"", ""ece_flag_number"", ""cwr_flag_number"", ""ack_count"", ""syn_count"", ""fin_count"", ""rst_count"", ""HTTP"", ""HTTPS"", ""DNS"", ""Telnet"", ""SMTP"", ""SSH"", ""IRC"", ""TCP"", ""UDP"", ""DHCP"", ""ARP"", ""ICMP"", ""IGMP"", ""IPv"", ""LLC"", ""Tot sum"", ""Min"", ""Max"", ""AVG"", ""Std"", ""Tot size"", ""IAT"", ""Number"", ""Variance""]",utf-8,1.639809
DDoS-ICMP_Flood/DDoS-ICMP_Flood6.pcap.csv,DDoS-ICMP_Flood6.pcap.csv,.csv,49112212,46.837055,0.045739,49bb3e6144e27745d5986c477be78c62253233fca4888873b2a0be713a0e5df2,CSV,268788.0,39.0,"[""Header_Length"", ""Protocol Type"", ""Time_To_Live"", ""Rate"", ""fin_flag_number"", ""syn_flag_number"", ""rst_flag_number"", ""psh_flag_number"", ""ack_flag_number"", ""ece_flag_number"", ""cwr_flag_number"", ""ack_count"", ""syn_count"", ""fin_count"", ""rst_count"", ""HTTP"", ""HTTPS"", ""DNS"", ""Telnet"", ""SMTP"", ""SSH"", ""IRC"", ""TCP"", ""UDP"", ""DHCP"", ""ARP"", ""ICMP"", ""IGMP"", ""IPv"", ""LLC"", ""Tot sum"", ""Min"", ""Max"", ""AVG"", ""Std"", ""Tot size"", ""IAT"", ""Number"", ""Variance""]",utf-8,2.003374
DDoS-ICMP_Flood/DDoS-ICMP_Flood7.pcap.csv,DDoS-ICMP_Flood7.pcap.csv,.csv,48900510,46.63516,0.045542,5fe1073441ed04de91df163f89fe49bebfbddbbe9e298e11cf724d990342d06b,CSV,268462.0,39.0,"[""Header_Length"", ""Protocol Type"", ""Time_To_Live"", ""Rate"", ""fin_flag_number"", ""syn_flag_number"", ""rst_flag_number"", ""psh_flag_number"", ""ack_flag_number"", ""ece_flag_number"", ""cwr_flag_number"", ""ack_count"", ""syn_count"", ""fin_count"", ""rst_count"", ""HTTP"", ""HTTPS"", ""DNS"", ""Telnet"", ""SMTP"", ""SSH"", ""IRC"", ""TCP"", ""UDP"", ""DHCP"", ""ARP"", ""ICMP"", ""IGMP"", ""IPv"", ""LLC"", ""Tot sum"", ""Min"", ""Max"", ""AVG"", ""Std"", ""Tot size"", ""IAT"", ""Number"", ""Variance""]",utf-8,2.053599
DDoS-ICMP_Flood/DDoS-ICMP_Flood8.pcap.csv,DDoS-ICMP_Flood8.pcap.csv,.csv,49495438,47.202528,0.046096,ec3dc02a0551ce53d887b4f3f21364721fdf9a741241582a8353c84c99b15ca1,CSV,267907.0,39.0,"[""Header_Length"", ""Protocol Type"", ""Time_To_Live"", ""Rate"", ""fin_flag_number"", ""syn_flag_number"", ""rst_flag_number"", ""psh_flag_number"", ""ack_flag_number"", ""ece_flag_number"", ""cwr_flag_number"", ""ack_count"", ""syn_count"", ""fin_count"", ""rst_count"", ""HTTP"", ""HTTPS"", ""DNS"", ""Telnet"", ""SMTP"", ""SSH"", ""IRC"", ""TCP"", ""UDP"", ""DHCP"", ""ARP"", ""ICMP"", ""IGMP"", ""IPv"", ""LLC"", ""Tot sum"", ""Min"", ""Max"", ""AVG"", ""Std"", ""Tot size"", ""IAT"", ""Number"", ""Variance""]",utf-8,1.691634
DDoS-ICMP_Flood/DDoS-ICMP_Flood9.pcap.csv,DDoS-ICMP_Flood9.pcap.csv,.csv,49409485,47.120557,0.046016,2545554b6c8e95adc1fa5b270be5f5783d90d90e50e3bd0d80bb313ee6dc14cf,CSV,268154.0,39.0,"[""Header_Length"", ""Protocol Type"", ""Time_To_Live"", ""Rate"", ""fin_flag_number"", ""syn_flag_number"", ""rst_flag_number"", ""psh_flag_number"", ""ack_flag_number"", ""ece_flag_number"", ""cwr_flag_number"", ""ack_count"", ""syn_count"", ""fin_count"", ""rst_count"", ""HTTP"", ""HTTPS"", ""DNS"", ""Telnet"", ""SMTP"", ""SSH"", ""IRC"", ""TCP"", ""UDP"", ""DHCP"", ""ARP"", ""ICMP"", ""IGMP"", ""IPv"", ""LLC"", ""Tot sum"", ""Min"", ""Max"", ""AVG"", ""Std"", ""Tot size"", ""IAT"", ""Number"", ""Variance""]",utf-8,1.937061
DDoS-ICMP_Fragmentation/DDoS-ICMP_Fragmentation.pcap.csv,DDoS-ICMP_Fragmentation.pcap.csv,.csv,4576351,4.364348,0.004262,d84d3608cdeae2ad8789e197ade49a199a9f86a9b32fbbfb1b41432fba27bc7c,CSV,20696.0,39.0,"[""Header_Length"", ""Protocol Type"", ""Time_To_Live"", ""Rate"", ""fin_flag_number"", ""syn_flag_number"", ""rst_flag_number"", ""psh_flag_number"", ""ack_flag_number"", ""ece_flag_number"", ""cwr_flag_number"", ""ack_count"", ""syn_count"", ""fin_count"", ""rst_count"", ""HTTP"", ""HTTPS"", ""DNS"", ""Telnet"", ""SMTP"", ""SSH"", ""IRC"", ""TCP"", ""UDP"", ""DHCP"", ""ARP"", ""ICMP"", ""IGMP"", ""IPv"", ""LLC"", ""Tot sum"", ""Min"", ""Max"", ""AVG"", ""Std"", ""Tot size"", ""IAT"", ""Number"", ""Variance""]",utf-8,0.298684
DDoS-ICMP_Fragmentation/DDoS-ICMP_Fragmentation1.pcap.csv,DDoS-ICMP_Fragmentation1.pcap.csv,.csv,4982951,4.752112,0.004641,35d5513e8628776a4e9e1188c8d9d48c9e3e314975489453202b4ace96b095ea,CSV,22527.0,39.0,"[""Header_Length"", ""Protocol Type"", ""Time_To_Live"", ""Rate"", ""fin_flag_number"", ""syn_flag_number"", ""rst_flag_number"", ""psh_flag_number"", ""ack_flag_number"", ""ece_flag_number"", ""cwr_flag_number"", ""ack_count"", ""syn_count"", ""fin_count"", ""rst_count"", ""HTTP"", ""HTTPS"", ""DNS"", ""Telnet"", ""SMTP"", ""SSH"", ""IRC"", ""TCP"", ""UDP"", ""DHCP"", ""ARP"", ""ICMP"", ""IGMP"", ""IPv"", ""LLC"", ""Tot sum"", ""Min"", ""Max"", ""AVG"", ""Std"", ""Tot size"", ""IAT"", ""Number"", ""Variance""]",utf-8,0.31237
DDoS-ICMP_Fragmentation/DDoS-ICMP_Fragmentation10.pcap.csv,DDoS-ICMP_Fragmentation10.pcap.csv,.csv,5018987,4.786479,0.004674,184c299338f0ede9461796e536d4895756c2d9b21077feaacdab1e2448c86507,CSV,22742.0,39.0,"[""Header_Length"", ""Protocol Type"", ""Time_To_Live"", ""Rate"", ""fin_flag_number"", ""syn_flag_number"", ""rst_flag_number"", ""psh_flag_number"", ""ack_flag_number"", ""ece_flag_number"", ""cwr_flag_number"", ""ack_count"", ""syn_count"", ""fin_count"", ""rst_count"", ""HTTP"", ""HTTPS"", ""DNS"", ""Telnet"", ""SMTP"", ""SSH"", ""IRC"", ""TCP"", ""UDP"", ""DHCP"", ""ARP"", ""ICMP"", ""IGMP"", ""IPv"", ""LLC"", ""Tot sum"", ""Min"", ""Max"", ""AVG"", ""Std"", ""Tot size"", ""IAT"", ""Number"", ""Variance""]",utf-8,0.322193
DDoS-ICMP_Fragmentation/DDoS-ICMP_Fragmentation11.pcap.csv,DDoS-ICMP_Fragmentation11.pcap.csv,.csv,4955238,4.725683,0.004615,f79c524942bfecbe78795d3009d3570d054ea0abf52c4eaa62d8f676370f922b,CSV,22529.0,39.0,"[""Header_Length"", ""Protocol Type"", ""Time_To_Live"", ""Rate"", ""fin_flag_number"", ""syn_flag_number"", ""rst_flag_number"", ""psh_flag_number"", ""ack_flag_number"", ""ece_flag_number"", ""cwr_flag_number"", ""ack_count"", ""syn_count"", ""fin_count"", ""rst_count"", ""HTTP"", ""HTTPS"", ""DNS"", ""Telnet"", ""SMTP"", ""SSH"", ""IRC"", ""TCP"", ""UDP"", ""DHCP"", ""ARP"", ""ICMP"", ""IGMP"", ""IPv"", ""LLC"", ""Tot sum"", ""Min"", ""Max"", ""AVG"", ""Std"", ""Tot size"", ""IAT"", ""Number"", ""Variance""]",utf-8,0.287952
DDoS-ICMP_Fragmentation/DDoS-ICMP_Fragmentation12.pcap.csv,DDoS-ICMP_Fragmentation12.pcap.csv,.csv,5065621,4.830953,0.004718,c7dd77ab651c0763cde5be5509305829766ae3046c89cfb70eefbee5657a1658,CSV,22931.0,39.0,"[""Header_Length"", ""Protocol Type"", ""Time_To_Live"", ""Rate"", ""fin_flag_number"", ""syn_flag_number"", ""rst_flag_number"", ""psh_flag_number"", ""ack_flag_number"", ""ece_flag_number"", ""cwr_flag_number"", ""ack_count"", ""syn_count"", ""fin_count"", ""rst_count"", ""HTTP"", ""HTTPS"", ""DNS"", ""Telnet"", ""SMTP"", ""SSH"", ""IRC"", ""TCP"", ""UDP"", ""DHCP"", ""ARP"", ""ICMP"", ""IGMP"", ""IPv"", ""LLC"", ""Tot sum"", ""Min"", ""Max"", ""AVG"", ""Std"", ""Tot size"", ""IAT"", ""Number"", ""Variance""]",utf-8,0.30456
DDoS-ICMP_Fragmentation/DDoS-ICMP_Fragmentation13.pcap.csv,DDoS-ICMP_Fragmentation13.pcap.csv,.csv,4969932,4.739697,0.004629,0568882a5e4ca43604c29bf4b9308ec7b4952951107eac323875d5c4fe25bf63,CSV,22574.0,39.0,"[""Header_Length"", ""Protocol Type"", ""Time_To_Live"", ""Rate"", ""fin_flag_number"", ""syn_flag_number"", ""rst_flag_number"", ""psh_flag_number"", ""ack_flag_number"", ""ece_flag_number"", ""cwr_flag_number"", ""ack_count"", ""syn_count"", ""fin_count"", ""rst_count"", ""HTTP"", ""HTTPS"", ""DNS"", ""Telnet"", ""SMTP"", ""SSH"", ""IRC"", ""TCP"", ""UDP"", ""DHCP"", ""ARP"", ""ICMP"", ""IGMP"", ""IPv"", ""LLC"", ""Tot sum"", ""Min"", ""Max"", ""AVG"", ""Std"", ""Tot size"", ""IAT"", ""Number"", ""Variance""]",utf-8,0.420739
DDoS-ICMP_Fragmentation/DDoS-ICMP_Fragmentation14.pcap.csv,DDoS-ICMP_Fragmentation14.pcap.csv,.csv,4997768,4.766243,0.004655,7fe3d452335348ddcf062d82085a77b28a9db869c0b3f81b50494aa9e19ff344,CSV,22717.0,39.0,"[""Header_Length"", ""Protocol Type"", ""Time_To_Live"", ""Rate"", ""fin_flag_number"", ""syn_flag_number"", ""rst_flag_number"", ""psh_flag_number"", ""ack_flag_number"", ""ece_flag_number"", ""cwr_flag_number"", ""ack_count"", ""syn_count"", ""fin_count"", ""rst_count"", ""HTTP"", ""HTTPS"", ""DNS"", ""Telnet"", ""SMTP"", ""SSH"", ""IRC"", ""TCP"", ""UDP"", ""DHCP"", ""ARP"", ""ICMP"", ""IGMP"", ""IPv"", ""LLC"", ""Tot sum"", ""Min"", ""Max"", ""AVG"", ""Std"", ""Tot size"", ""IAT"", ""Number"", ""Variance""]",utf-8,0.340781
DDoS-ICMP_Fragmentation/DDoS-ICMP_Fragmentation15.pcap.csv,DDoS-ICMP_Fragmentation15.pcap.csv,.csv,4858713,4.63363,0.004525,faa6263f8890002e7ce46c52551ad7ace8cc5e41c2722cbb36a4bb82a25f7e6c,CSV,22276.0,39.0,"[""Header_Length"", ""Protocol Type"", ""Time_To_Live"", ""Rate"", ""fin_flag_number"", ""syn_flag_number"", ""rst_flag_number"", ""psh_flag_number"", ""ack_flag_number"", ""ece_flag_number"", ""cwr_flag_number"", ""ack_count"", ""syn_count"", ""fin_count"", ""rst_count"", ""HTTP"", ""HTTPS"", ""DNS"", ""Telnet"", ""SMTP"", ""SSH"", ""IRC"", ""TCP"", ""UDP"", ""DHCP"", ""ARP"", ""ICMP"", ""IGMP"", ""IPv"", ""LLC"", ""Tot sum"", ""Min"", ""Max"", ""AVG"", ""Std"", ""Tot size"", ""IAT"", ""Number"", ""Variance""]",utf-8,0.427034
DDoS-ICMP_Fragmentation/DDoS-ICMP_Fragmentation16.pcap.csv,DDoS-ICMP_Fragmentation16.pcap.csv,.csv,5077350,4.842138,0.004729,3163502b07cc91a92ed37306cc1c2e2f3def5c56d89d87d0828d81d27cbda6de,CSV,23046.0,39.0,"[""Header_Length"", ""Protocol Type"", ""Time_To_Live"", ""Rate"", ""fin_flag_number"", ""syn_flag_number"", ""rst_flag_number"", ""psh_flag_number"", ""ack_flag_number"", ""ece_flag_number"", ""cwr_flag_number"", ""ack_count"", ""syn_count"", ""fin_count"", ""rst_count"", ""HTTP"", ""HTTPS"", ""DNS"", ""Telnet"", ""SMTP"", ""SSH"", ""IRC"", ""TCP"", ""UDP"", ""DHCP"", ""ARP"", ""ICMP"", ""IGMP"", ""IPv"", ""LLC"", ""Tot sum"", ""Min"", ""Max"", ""AVG"", ""Std"", ""Tot size"", ""IAT"", ""Number"", ""Variance""]",utf-8,0.30254
DDoS-ICMP_Fragmentation/DDoS-ICMP_Fragmentation17.pcap.csv,DDoS-ICMP_Fragmentation17.pcap.csv,.csv,5593541,5.334416,0.005209,5687d7d4b585325a77a2254be17bca23ab3618e5f3a1fda52720ec340f3ef56d,CSV,25135.0,39.0,"[""Header_Length"", ""Protocol Type"", ""Time_To_Live"", ""Rate"", ""fin_flag_number"", ""syn_flag_number"", ""rst_flag_number"", ""psh_flag_number"", ""ack_flag_number"", ""ece_flag_number"", ""cwr_flag_number"", ""ack_count"", ""syn_count"", ""fin_count"", ""rst_count"", ""HTTP"", ""HTTPS"", ""DNS"", ""Telnet"", ""SMTP"", ""SSH"", ""IRC"", ""TCP"", ""UDP"", ""DHCP"", ""ARP"", ""ICMP"", ""IGMP"", ""IPv"", ""LLC"", ""Tot sum"", ""Min"", ""Max"", ""AVG"", ""Std"", ""Tot size"", ""IAT"", ""Number"", ""Variance""]",utf-8,0.203203
DDoS-ICMP_Fragmentation/DDoS-ICMP_Fragmentation18.pcap.csv,DDoS-ICMP_Fragmentation18.pcap.csv,.csv,4940788,4.711903,0.004601,f1b73df10979b6282b0dd3277bb3a788af83a3dd5adf59b52ee1e8c246f02a1d,CSV,22521.0,39.0,"[""Header_Length"", ""Protocol Type"", ""Time_To_Live"", ""Rate"", ""fin_flag_number"", ""syn_flag_number"", ""rst_flag_number"", ""psh_flag_number"", ""ack_flag_number"", ""ece_flag_number"", ""cwr_flag_number"", ""ack_count"", ""syn_count"", ""fin_count"", ""rst_count"", ""HTTP"", ""HTTPS"", ""DNS"", ""Telnet"", ""SMTP"", ""SSH"", ""IRC"", ""TCP"", ""UDP"", ""DHCP"", ""ARP"", ""ICMP"", ""IGMP"", ""IPv"", ""LLC"", ""Tot sum"", ""Min"", ""Max"", ""AVG"", ""Std"", ""Tot size"", ""IAT"", ""Number"", ""Variance""]",utf-8,0.252201
DDoS-ICMP_Fragmentation/DDoS-ICMP_Fragmentation19.pcap.csv,DDoS-ICMP_Fragmentation19.pcap.csv,.csv,4362588,4.160488,0.004063,e084d59d1102b9a4177d53e5ad2cdcb867e0c00cd7bb00327bc844f191180a60,CSV,19866.0,39.0,"[""Header_Length"", ""Protocol Type"", ""Time_To_Live"", ""Rate"", ""fin_flag_number"", ""syn_flag_number"", ""rst_flag_number"", ""psh_flag_number"", ""ack_flag_number"", ""ece_flag_number"", ""cwr_flag_number"", ""ack_count"", ""syn_count"", ""fin_count"", ""rst_count"", ""HTTP"", ""HTTPS"", ""DNS"", ""Telnet"", ""SMTP"", ""SSH"", ""IRC"", ""TCP"", ""UDP"", ""DHCP"", ""ARP"", ""ICMP"", ""IGMP"", ""IPv"", ""LLC"", ""Tot sum"", ""Min"", ""Max"", ""AVG"", ""Std"", ""Tot size"", ""IAT"", ""Number"", ""Variance""]",utf-8,0.286071
DDoS-ICMP_Fragmentation/DDoS-ICMP_Fragmentation2.pcap.csv,DDoS-ICMP_Fragmentation2.pcap.csv,.csv,4982201,4.751397,0.00464,1776e7641b8b54d5e35f66fc35344b9bfb0bf6b86d81f7e67e825aef5c5808ba,CSV,22617.0,39.0,"[""Header_Length"", ""Protocol Type"", ""Time_To_Live"", ""Rate"", ""fin_flag_number"", ""syn_flag_number"", ""rst_flag_number"", ""psh_flag_number"", ""ack_flag_number"", ""ece_flag_number"", ""cwr_flag_number"", ""ack_count"", ""syn_count"", ""fin_count"", ""rst_count"", ""HTTP"", ""HTTPS"", ""DNS"", ""Telnet"", ""SMTP"", ""SSH"", ""IRC"", ""TCP"", ""UDP"", ""DHCP"", ""ARP"", ""ICMP"", ""IGMP"", ""IPv"", ""LLC"", ""Tot sum"", ""Min"", ""Max"", ""AVG"", ""Std"", ""Tot size"", ""IAT"", ""Number"", ""Variance""]",utf-8,0.323345
DDoS-ICMP_Fragmentation/DDoS-ICMP_Fragmentation3.pcap.csv,DDoS-ICMP_Fragmentation3.pcap.csv,.csv,5183591,4.943458,0.004828,6d662e1bb2298ecef8ce5e6d6986c75bbb9f3829d9eb29ad2bba931ee47ef263,CSV,23381.0,39.0,"[""Header_Length"", ""Protocol Type"", ""Time_To_Live"", ""Rate"", ""fin_flag_number"", ""syn_flag_number"", ""rst_flag_number"", ""psh_flag_number"", ""ack_flag_number"", ""ece_flag_number"", ""cwr_flag_number"", ""ack_count"", ""syn_count"", ""fin_count"", ""rst_count"", ""HTTP"", ""HTTPS"", ""DNS"", ""Telnet"", ""SMTP"", ""SSH"", ""IRC"", ""TCP"", ""UDP"", ""DHCP"", ""ARP"", ""ICMP"", ""IGMP"", ""IPv"", ""LLC"", ""Tot sum"", ""Min"", ""Max"", ""AVG"", ""Std"", ""Tot size"", ""IAT"", ""Number"", ""Variance""]",utf-8,0.332568
DDoS-ICMP_Fragmentation/DDoS-ICMP_Fragmentation4.pcap.csv,DDoS-ICMP_Fragmentation4.pcap.csv,.csv,5233326,4.990889,0.004874,2ff70f9867441c4cbf9749c98ff866c8a65cbf7b1187cf0fba0c96ccbdfdf33f,CSV,23567.0,39.0,"[""Header_Length"", ""Protocol Type"", ""Time_To_Live"", ""Rate"", ""fin_flag_number"", ""syn_flag_number"", ""rst_flag_number"", ""psh_flag_number"", ""ack_flag_number"", ""ece_flag_number"", ""cwr_flag_number"", ""ack_count"", ""syn_count"", ""fin_count"", ""rst_count"", ""HTTP"", ""HTTPS"", ""DNS"", ""Telnet"", ""SMTP"", ""SSH"", ""IRC"", ""TCP"", ""UDP"", ""DHCP"", ""ARP"", ""ICMP"", ""IGMP"", ""IPv"", ""LLC"", ""Tot sum"", ""Min"", ""Max"", ""AVG"", ""Std"", ""Tot size"", ""IAT"", ""Number"", ""Variance""]",utf-8,0.390772
DDoS-ICMP_Fragmentation/DDoS-ICMP_Fragmentation5.pcap.csv,DDoS-ICMP_Fragmentation5.pcap.csv,.csv,4929636,4.701267,0.004591,6f11fab1affbcaa115667e5dd9ded8ea71fbf03d79352b47f74c5e5adffc5715,CSV,22421.0,39.0,"[""Header_Length"", ""Protocol Type"", ""Time_To_Live"", ""Rate"", ""fin_flag_number"", ""syn_flag_number"", ""rst_flag_number"", ""psh_flag_number"", ""ack_flag_number"", ""ece_flag_number"", ""cwr_flag_number"", ""ack_count"", ""syn_count"", ""fin_count"", ""rst_count"", ""HTTP"", ""HTTPS"", ""DNS"", ""Telnet"", ""SMTP"", ""SSH"", ""IRC"", ""TCP"", ""UDP"", ""DHCP"", ""ARP"", ""ICMP"", ""IGMP"", ""IPv"", ""LLC"", ""Tot sum"", ""Min"", ""Max"", ""AVG"", ""Std"", ""Tot size"", ""IAT"", ""Number"", ""Variance""]",utf-8,0.243943
DDoS-ICMP_Fragmentation/DDoS-ICMP_Fragmentation6.pcap.csv,DDoS-ICMP_Fragmentation6.pcap.csv,.csv,4897727,4.670836,0.004561,30c9dceb94c852b2be8a7a604847faf02556aa43b07de98ed373b722950b5fc4,CSV,22335.0,39.0,"[""Header_Length"", ""Protocol Type"", ""Time_To_Live"", ""Rate"", ""fin_flag_number"", ""syn_flag_number"", ""rst_flag_number"", ""psh_flag_number"", ""ack_flag_number"", ""ece_flag_number"", ""cwr_flag_number"", ""ack_count"", ""syn_count"", ""fin_count"", ""rst_count"", ""HTTP"", ""HTTPS"", ""DNS"", ""Telnet"", ""SMTP"", ""SSH"", ""IRC"", ""TCP"", ""UDP"", ""DHCP"", ""ARP"", ""ICMP"", ""IGMP"", ""IPv"", ""LLC"", ""Tot sum"", ""Min"", ""Max"", ""AVG"", ""Std"", ""Tot size"", ""IAT"", ""Number"", ""Variance""]",utf-8,0.347516
DDoS-ICMP_Fragmentation/DDoS-ICMP_Fragmentation7.pcap.csv,DDoS-ICMP_Fragmentation7.pcap.csv,.csv,4998932,4.767353,0.004656,ab0dd9fc6795c250d19d43e259f903e9af6a8fe11c8d8005b34a1571683a21ea,CSV,22783.0,39.0,"[""Header_Length"", ""Protocol Type"", ""Time_To_Live"", ""Rate"", ""fin_flag_number"", ""syn_flag_number"", ""rst_flag_number"", ""psh_flag_number"", ""ack_flag_number"", ""ece_flag_number"", ""cwr_flag_number"", ""ack_count"", ""syn_count"", ""fin_count"", ""rst_count"", ""HTTP"", ""HTTPS"", ""DNS"", ""Telnet"", ""SMTP"", ""SSH"", ""IRC"", ""TCP"", ""UDP"", ""DHCP"", ""ARP"", ""ICMP"", ""IGMP"", ""IPv"", ""LLC"", ""Tot sum"", ""Min"", ""Max"", ""AVG"", ""Std"", ""Tot size"", ""IAT"", ""Number"", ""Variance""]",utf-8,0.417433
DDoS-ICMP_Fragmentation/DDoS-ICMP_Fragmentation8.pcap.csv,DDoS-ICMP_Fragmentation8.pcap.csv,.csv,4937216,4.708496,0.004598,119abf8ad1a3c2d173c113920f4335d6cd7663f66200490ff2171078fd510939,CSV,22537.0,39.0,"[""Header_Length"", ""Protocol Type"", ""Time_To_Live"", ""Rate"", ""fin_flag_number"", ""syn_flag_number"", ""rst_flag_number"", ""psh_flag_number"", ""ack_flag_number"", ""ece_flag_number"", ""cwr_flag_number"", ""ack_count"", ""syn_count"", ""fin_count"", ""rst_count"", ""HTTP"", ""HTTPS"", ""DNS"", ""Telnet"", ""SMTP"", ""SSH"", ""IRC"", ""TCP"", ""UDP"", ""DHCP"", ""ARP"", ""ICMP"", ""IGMP"", ""IPv"", ""LLC"", ""Tot sum"", ""Min"", ""Max"", ""AVG"", ""Std"", ""Tot size"", ""IAT"", ""Number"", ""Variance""]",utf-8,0.32187
DDoS-ICMP_Fragmentation/DDoS-ICMP_Fragmentation9.pcap.csv,DDoS-ICMP_Fragmentation9.pcap.csv,.csv,5153022,4.914305,0.004799,30395b571c0f1a1671bb9177c3508fd1ee72180aab2ac39fa8e85314b347486a,CSV,23289.0,39.0,"[""Header_Length"", ""Protocol Type"", ""Time_To_Live"", ""Rate"", ""fin_flag_number"", ""syn_flag_number"", ""rst_flag_number"", ""psh_flag_number"", ""ack_flag_number"", ""ece_flag_number"", ""cwr_flag_number"", ""ack_count"", ""syn_count"", ""fin_count"", ""rst_count"", ""HTTP"", ""HTTPS"", ""DNS"", ""Telnet"", ""SMTP"", ""SSH"", ""IRC"", ""TCP"", ""UDP"", ""DHCP"", ""ARP"", ""ICMP"", ""IGMP"", ""IPv"", ""LLC"", ""Tot sum"", ""Min"", ""Max"", ""AVG"", ""Std"", ""Tot size"", ""IAT"", ""Number"", ""Variance""]",utf-8,0.267147
DDoS-PSHACK_FLOOD/DDoS-PSHACK_Flood.pcap.csv,DDoS-PSHACK_Flood.pcap.csv,.csv,50374556,48.04092,0.046915,a4b40c47d42956ccb58d4fd1c59845cdd2a947a88b634770dff10d1d8d970b7f,CSV,267811.0,39.0,"[""Header_Length"", ""Protocol Type"", ""Time_To_Live"", ""Rate"", ""fin_flag_number"", ""syn_flag_number"", ""rst_flag_number"", ""psh_flag_number"", ""ack_flag_number"", ""ece_flag_number"", ""cwr_flag_number"", ""ack_count"", ""syn_count"", ""fin_count"", ""rst_count"", ""HTTP"", ""HTTPS"", ""DNS"", ""Telnet"", ""SMTP"", ""SSH"", ""IRC"", ""TCP"", ""UDP"", ""DHCP"", ""ARP"", ""ICMP"", ""IGMP"", ""IPv"", ""LLC"", ""Tot sum"", ""Min"", ""Max"", ""AVG"", ""Std"", ""Tot size"", ""IAT"", ""Number"", ""Variance""]",utf-8,1.717971
DDoS-PSHACK_FLOOD/DDoS-PSHACK_Flood1.pcap.csv,DDoS-PSHACK_Flood1.pcap.csv,.csv,50173173,47.848866,0.046727,8c34f1ec5df13db4eae8d773adb4bdc93b69504a72e82d346ffdb59993a84fd7,CSV,269067.0,39.0,"[""Header_Length"", ""Protocol Type"", ""Time_To_Live"", ""Rate"", ""fin_flag_number"", ""syn_flag_number"", ""rst_flag_number"", ""psh_flag_number"", ""ack_flag_number"", ""ece_flag_number"", ""cwr_flag_number"", ""ack_count"", ""syn_count"", ""fin_count"", ""rst_count"", ""HTTP"", ""HTTPS"", ""DNS"", ""Telnet"", ""SMTP"", ""SSH"", ""IRC"", ""TCP"", ""UDP"", ""DHCP"", ""ARP"", ""ICMP"", ""IGMP"", ""IPv"", ""LLC"", ""Tot sum"", ""Min"", ""Max"", ""AVG"", ""Std"", ""Tot size"", ""IAT"", ""Number"", ""Variance""]",utf-8,1.505838
DDoS-PSHACK_FLOOD/DDoS-PSHACK_Flood10.pcap.csv,DDoS-PSHACK_Flood10.pcap.csv,.csv,50122091,47.800151,0.04668,a62d4175fca20d2e6bf0fcdef1ae45c7202a0f06c76039af0b9b2fc7c98b0117,CSV,265553.0,39.0,"[""Header_Length"", ""Protocol Type"", ""Time_To_Live"", ""Rate"", ""fin_flag_number"", ""syn_flag_number"", ""rst_flag_number"", ""psh_flag_number"", ""ack_flag_number"", ""ece_flag_number"", ""cwr_flag_number"", ""ack_count"", ""syn_count"", ""fin_count"", ""rst_count"", ""HTTP"", ""HTTPS"", ""DNS"", ""Telnet"", ""SMTP"", ""SSH"", ""IRC"", ""TCP"", ""UDP"", ""DHCP"", ""ARP"", ""ICMP"", ""IGMP"", ""IPv"", ""LLC"", ""Tot sum"", ""Min"", ""Max"", ""AVG"", ""Std"", ""Tot size"", ""IAT"", ""Number"", ""Variance""]",utf-8,2.219368
DDoS-PSHACK_FLOOD/DDoS-PSHACK_Flood11.pcap.csv,DDoS-PSHACK_Flood11.pcap.csv,.csv,50168393,47.844308,0.046723,5a6b6c5df12fb4d19e04315a16b1a04b96bc8f3baa1e3b939adf685156dba180,CSV,267192.0,39.0,"[""Header_Length"", ""Protocol Type"", ""Time_To_Live"", ""Rate"", ""fin_flag_number"", ""syn_flag_number"", ""rst_flag_number"", ""psh_flag_number"", ""ack_flag_number"", ""ece_flag_number"", ""cwr_flag_number"", ""ack_count"", ""syn_count"", ""fin_count"", ""rst_count"", ""HTTP"", ""HTTPS"", ""DNS"", ""Telnet"", ""SMTP"", ""SSH"", ""IRC"", ""TCP"", ""UDP"", ""DHCP"", ""ARP"", ""ICMP"", ""IGMP"", ""IPv"", ""LLC"", ""Tot sum"", ""Min"", ""Max"", ""AVG"", ""Std"", ""Tot size"", ""IAT"", ""Number"", ""Variance""]",utf-8,1.868649
DDoS-PSHACK_FLOOD/DDoS-PSHACK_Flood12.pcap.csv,DDoS-PSHACK_Flood12.pcap.csv,.csv,50065205,47.7459,0.046627,b8a74d16f72be8abc45c46a4889ab4e4ac601a46cb1bb14fe562b95d52ad4e5e,CSV,266453.0,39.0,"[""Header_Length"", ""Protocol Type"", ""Time_To_Live"", ""Rate"", ""fin_flag_number"", ""syn_flag_number"", ""rst_flag_number"", ""psh_flag_number"", ""ack_flag_number"", ""ece_flag_number"", ""cwr_flag_number"", ""ack_count"", ""syn_count"", ""fin_count"", ""rst_count"", ""HTTP"", ""HTTPS"", ""DNS"", ""Telnet"", ""SMTP"", ""SSH"", ""IRC"", ""TCP"", ""UDP"", ""DHCP"", ""ARP"", ""ICMP"", ""IGMP"", ""IPv"", ""LLC"", ""Tot sum"", ""Min"", ""Max"", ""AVG"", ""Std"", ""Tot size"", ""IAT"", ""Number"", ""Variance""]",utf-8,1.653752
DDoS-PSHACK_FLOOD/DDoS-PSHACK_Flood13.pcap.csv,DDoS-PSHACK_Flood13.pcap.csv,.csv,50212437,47.886312,0.046764,fb2a60cbd4d51b0749e8d16230418342dc19a5d90de40ad268ce03dbf0d5dab8,CSV,268539.0,39.0,"[""Header_Length"", ""Protocol Type"", ""Time_To_Live"", ""Rate"", ""fin_flag_number"", ""syn_flag_number"", ""rst_flag_number"", ""psh_flag_number"", ""ack_flag_number"", ""ece_flag_number"", ""cwr_flag_number"", ""ack_count"", ""syn_count"", ""fin_count"", ""rst_count"", ""HTTP"", ""HTTPS"", ""DNS"", ""Telnet"", ""SMTP"", ""SSH"", ""IRC"", ""TCP"", ""UDP"", ""DHCP"", ""ARP"", ""ICMP"", ""IGMP"", ""IPv"", ""LLC"", ""Tot sum"", ""Min"", ""Max"", ""AVG"", ""Std"", ""Tot size"", ""IAT"", ""Number"", ""Variance""]",utf-8,1.904165
DDoS-PSHACK_FLOOD/DDoS-PSHACK_Flood14.pcap.csv,DDoS-PSHACK_Flood14.pcap.csv,.csv,50253946,47.925898,0.046803,789cb3ad4620b63e2db26d5a524c1cb46799c145d1cd018313c8041d26197f28,CSV,267545.0,39.0,"[""Header_Length"", ""Protocol Type"", ""Time_To_Live"", ""Rate"", ""fin_flag_number"", ""syn_flag_number"", ""rst_flag_number"", ""psh_flag_number"", ""ack_flag_number"", ""ece_flag_number"", ""cwr_flag_number"", ""ack_count"", ""syn_count"", ""fin_count"", ""rst_count"", ""HTTP"", ""HTTPS"", ""DNS"", ""Telnet"", ""SMTP"", ""SSH"", ""IRC"", ""TCP"", ""UDP"", ""DHCP"", ""ARP"", ""ICMP"", ""IGMP"", ""IPv"", ""LLC"", ""Tot sum"", ""Min"", ""Max"", ""AVG"", ""Std"", ""Tot size"", ""IAT"", ""Number"", ""Variance""]",utf-8,1.518703
DDoS-PSHACK_FLOOD/DDoS-PSHACK_Flood15.pcap.csv,DDoS-PSHACK_Flood15.pcap.csv,.csv,14866707,14.177997,0.013846,95230e930ef14091f97f2f43a198f2036d3d44f2b4f065db8ca007df486862ae,CSV,78907.0,39.0,"[""Header_Length"", ""Protocol Type"", ""Time_To_Live"", ""Rate"", ""fin_flag_number"", ""syn_flag_number"", ""rst_flag_number"", ""psh_flag_number"", ""ack_flag_number"", ""ece_flag_number"", ""cwr_flag_number"", ""ack_count"", ""syn_count"", ""fin_count"", ""rst_count"", ""HTTP"", ""HTTPS"", ""DNS"", ""Telnet"", ""SMTP"", ""SSH"", ""IRC"", ""TCP"", ""UDP"", ""DHCP"", ""ARP"", ""ICMP"", ""IGMP"", ""IPv"", ""LLC"", ""Tot sum"", ""Min"", ""Max"", ""AVG"", ""Std"", ""Tot size"", ""IAT"", ""Number"", ""Variance""]",utf-8,0.53463
DDoS-PSHACK_FLOOD/DDoS-PSHACK_Flood2.pcap.csv,DDoS-PSHACK_Flood2.pcap.csv,.csv,50666840,48.319664,0.047187,124b3639e6176d059fa3c4604c28966ca9e30b9328f01950e252f53a0aac6b45,CSV,268128.0,39.0,"[""Header_Length"", ""Protocol Type"", ""Time_To_Live"", ""Rate"", ""fin_flag_number"", ""syn_flag_number"", ""rst_flag_number"", ""psh_flag_number"", ""ack_flag_number"", ""ece_flag_number"", ""cwr_flag_number"", ""ack_count"", ""syn_count"", ""fin_count"", ""rst_count"", ""HTTP"", ""HTTPS"", ""DNS"", ""Telnet"", ""SMTP"", ""SSH"", ""IRC"", ""TCP"", ""UDP"", ""DHCP"", ""ARP"", ""ICMP"", ""IGMP"", ""IPv"", ""LLC"", ""Tot sum"", ""Min"", ""Max"", ""AVG"", ""Std"", ""Tot size"", ""IAT"", ""Number"", ""Variance""]",utf-8,1.891307
DDoS-PSHACK_FLOOD/DDoS-PSHACK_Flood3.pcap.csv,DDoS-PSHACK_Flood3.pcap.csv,.csv,50567791,48.225204,0.047095,7ea050022fb6ae31cd0df5931c50073702d039745355c070f800836c50ba28c9,CSV,268033.0,39.0,"[""Header_Length"", ""Protocol Type"", ""Time_To_Live"", ""Rate"", ""fin_flag_number"", ""syn_flag_number"", ""rst_flag_number"", ""psh_flag_number"", ""ack_flag_number"", ""ece_flag_number"", ""cwr_flag_number"", ""ack_count"", ""syn_count"", ""fin_count"", ""rst_count"", ""HTTP"", ""HTTPS"", ""DNS"", ""Telnet"", ""SMTP"", ""SSH"", ""IRC"", ""TCP"", ""UDP"", ""DHCP"", ""ARP"", ""ICMP"", ""IGMP"", ""IPv"", ""LLC"", ""Tot sum"", ""Min"", ""Max"", ""AVG"", ""Std"", ""Tot size"", ""IAT"", ""Number"", ""Variance""]",utf-8,1.949102
DDoS-PSHACK_FLOOD/DDoS-PSHACK_Flood4.pcap.csv,DDoS-PSHACK_Flood4.pcap.csv,.csv,50498677,48.159291,0.047031,b5b71cef02fa978b5dd0ffd70431189eae5fcc4b473ecfd3393712f07690c2ea,CSV,268329.0,39.0,"[""Header_Length"", ""Protocol Type"", ""Time_To_Live"", ""Rate"", ""fin_flag_number"", ""syn_flag_number"", ""rst_flag_number"", ""psh_flag_number"", ""ack_flag_number"", ""ece_flag_number"", ""cwr_flag_number"", ""ack_count"", ""syn_count"", ""fin_count"", ""rst_count"", ""HTTP"", ""HTTPS"", ""DNS"", ""Telnet"", ""SMTP"", ""SSH"", ""IRC"", ""TCP"", ""UDP"", ""DHCP"", ""ARP"", ""ICMP"", ""IGMP"", ""IPv"", ""LLC"", ""Tot sum"", ""Min"", ""Max"", ""AVG"", ""Std"", ""Tot size"", ""IAT"", ""Number"", ""Variance""]",utf-8,1.574004
DDoS-PSHACK_FLOOD/DDoS-PSHACK_Flood5.pcap.csv,DDoS-PSHACK_Flood5.pcap.csv,.csv,50544736,48.203217,0.047073,956b09d8fc1d69d02d4b2ac4bad636064b9a4047d8b9f9280d8e9c935ccd5fb9,CSV,268533.0,39.0,"[""Header_Length"", ""Protocol Type"", ""Time_To_Live"", ""Rate"", ""fin_flag_number"", ""syn_flag_number"", ""rst_flag_number"", ""psh_flag_number"", ""ack_flag_number"", ""ece_flag_number"", ""cwr_flag_number"", ""ack_count"", ""syn_count"", ""fin_count"", ""rst_count"", ""HTTP"", ""HTTPS"", ""DNS"", ""Telnet"", ""SMTP"", ""SSH"", ""IRC"", ""TCP"", ""UDP"", ""DHCP"", ""ARP"", ""ICMP"", ""IGMP"", ""IPv"", ""LLC"", ""Tot sum"", ""Min"", ""Max"", ""AVG"", ""Std"", ""Tot size"", ""IAT"", ""Number"", ""Variance""]",utf-8,1.736708
DDoS-PSHACK_FLOOD/DDoS-PSHACK_Flood6.pcap.csv,DDoS-PSHACK_Flood6.pcap.csv,.csv,50555376,48.213364,0.047083,4eac1dfad3381bdb9f82586c610d11d96c6e2182ab43ea9182a7ee07feaabac4,CSV,268242.0,39.0,"[""Header_Length"", ""Protocol Type"", ""Time_To_Live"", ""Rate"", ""fin_flag_number"", ""syn_flag_number"", ""rst_flag_number"", ""psh_flag_number"", ""ack_flag_number"", ""ece_flag_number"", ""cwr_flag_number"", ""ack_count"", ""syn_count"", ""fin_count"", ""rst_count"", ""HTTP"", ""HTTPS"", ""DNS"", ""Telnet"", ""SMTP"", ""SSH"", ""IRC"", ""TCP"", ""UDP"", ""DHCP"", ""ARP"", ""ICMP"", ""IGMP"", ""IPv"", ""LLC"", ""Tot sum"", ""Min"", ""Max"", ""AVG"", ""Std"", ""Tot size"", ""IAT"", ""Number"", ""Variance""]",utf-8,1.810625
DDoS-PSHACK_FLOOD/DDoS-PSHACK_Flood7.pcap.csv,DDoS-PSHACK_Flood7.pcap.csv,.csv,50450917,48.113744,0.046986,5bdea5d8c40ffba5a2465c544926ee76be673934f716e98028441142d3e6ad1b,CSV,267701.0,39.0,"[""Header_Length"", ""Protocol Type"", ""Time_To_Live"", ""Rate"", ""fin_flag_number"", ""syn_flag_number"", ""rst_flag_number"", ""psh_flag_number"", ""ack_flag_number"", ""ece_flag_number"", ""cwr_flag_number"", ""ack_count"", ""syn_count"", ""fin_count"", ""rst_count"", ""HTTP"", ""HTTPS"", ""DNS"", ""Telnet"", ""SMTP"", ""SSH"", ""IRC"", ""TCP"", ""UDP"", ""DHCP"", ""ARP"", ""ICMP"", ""IGMP"", ""IPv"", ""LLC"", ""Tot sum"", ""Min"", ""Max"", ""AVG"", ""Std"", ""Tot size"", ""IAT"", ""Number"", ""Variance""]",utf-8,1.911068
DDoS-PSHACK_FLOOD/DDoS-PSHACK_Flood8.pcap.csv,DDoS-PSHACK_Flood8.pcap.csv,.csv,50439194,48.102564,0.046975,47a0500f5e1a3b2286b3b16eea46671ff479382c8271a8baa324e740a30e4382,CSV,268783.0,39.0,"[""Header_Length"", ""Protocol Type"", ""Time_To_Live"", ""Rate"", ""fin_flag_number"", ""syn_flag_number"", ""rst_flag_number"", ""psh_flag_number"", ""ack_flag_number"", ""ece_flag_number"", ""cwr_flag_number"", ""ack_count"", ""syn_count"", ""fin_count"", ""rst_count"", ""HTTP"", ""HTTPS"", ""DNS"", ""Telnet"", ""SMTP"", ""SSH"", ""IRC"", ""TCP"", ""UDP"", ""DHCP"", ""ARP"", ""ICMP"", ""IGMP"", ""IPv"", ""LLC"", ""Tot sum"", ""Min"", ""Max"", ""AVG"", ""Std"", ""Tot size"", ""IAT"", ""Number"", ""Variance""]",utf-8,1.511667
DDoS-PSHACK_FLOOD/DDoS-PSHACK_Flood9.pcap.csv,DDoS-PSHACK_Flood9.pcap.csv,.csv,49597219,47.299594,0.046191,542fe441738a2d83aed220c7a0346ef6e1fb85ba830c75a02293af5c8c3be0b2,CSV,265956.0,39.0,"[""Header_Length"", ""Protocol Type"", ""Time_To_Live"", ""Rate"", ""fin_flag_number"", ""syn_flag_number"", ""rst_flag_number"", ""psh_flag_number"", ""ack_flag_number"", ""ece_flag_number"", ""cwr_flag_number"", ""ack_count"", ""syn_count"", ""fin_count"", ""rst_count"", ""HTTP"", ""HTTPS"", ""DNS"", ""Telnet"", ""SMTP"", ""SSH"", ""IRC"", ""TCP"", ""UDP"", ""DHCP"", ""ARP"", ""ICMP"", ""IGMP"", ""IPv"", ""LLC"", ""Tot sum"", ""Min"", ""Max"", ""AVG"", ""Std"", ""Tot size"", ""IAT"", ""Number"", ""Variance""]",utf-8,1.578783
DDoS-RSTFINFLOOD/DDoS-RSTFINFlood.pcap.csv,DDoS-RSTFINFlood.pcap.csv,.csv,50843571,48.488208,0.047352,760a2d50d3f2ac2e11e8aed6199d69fa2b58e4d5f67852a516131fb3d6bcf0b3,CSV,266934.0,39.0,"[""Header_Length"", ""Protocol Type"", ""Time_To_Live"", ""Rate"", ""fin_flag_number"", ""syn_flag_number"", ""rst_flag_number"", ""psh_flag_number"", ""ack_flag_number"", ""ece_flag_number"", ""cwr_flag_number"", ""ack_count"", ""syn_count"", ""fin_count"", ""rst_count"", ""HTTP"", ""HTTPS"", ""DNS"", ""Telnet"", ""SMTP"", ""SSH"", ""IRC"", ""TCP"", ""UDP"", ""DHCP"", ""ARP"", ""ICMP"", ""IGMP"", ""IPv"", ""LLC"", ""Tot sum"", ""Min"", ""Max"", ""AVG"", ""Std"", ""Tot size"", ""IAT"", ""Number"", ""Variance""]",utf-8,1.73141
DDoS-RSTFINFLOOD/DDoS-RSTFINFlood1.pcap.csv,DDoS-RSTFINFlood1.pcap.csv,.csv,50257848,47.929619,0.046806,85bcb978152d575670f998a2f86e5ebbe6dca1fd50e1bc3d924eef3d03637682,CSV,265364.0,39.0,"[""Header_Length"", ""Protocol Type"", ""Time_To_Live"", ""Rate"", ""fin_flag_number"", ""syn_flag_number"", ""rst_flag_number"", ""psh_flag_number"", ""ack_flag_number"", ""ece_flag_number"", ""cwr_flag_number"", ""ack_count"", ""syn_count"", ""fin_count"", ""rst_count"", ""HTTP"", ""HTTPS"", ""DNS"", ""Telnet"", ""SMTP"", ""SSH"", ""IRC"", ""TCP"", ""UDP"", ""DHCP"", ""ARP"", ""ICMP"", ""IGMP"", ""IPv"", ""LLC"", ""Tot sum"", ""Min"", ""Max"", ""AVG"", ""Std"", ""Tot size"", ""IAT"", ""Number"", ""Variance""]",utf-8,2.123454
DDoS-RSTFINFLOOD/DDoS-RSTFINFlood10.pcap.csv,DDoS-RSTFINFlood10.pcap.csv,.csv,50812193,48.458283,0.047323,ce2a4404e02e100b8a57c26dd81f347d39b069f46447134c8036f7399e793d1b,CSV,268564.0,39.0,"[""Header_Length"", ""Protocol Type"", ""Time_To_Live"", ""Rate"", ""fin_flag_number"", ""syn_flag_number"", ""rst_flag_number"", ""psh_flag_number"", ""ack_flag_number"", ""ece_flag_number"", ""cwr_flag_number"", ""ack_count"", ""syn_count"", ""fin_count"", ""rst_count"", ""HTTP"", ""HTTPS"", ""DNS"", ""Telnet"", ""SMTP"", ""SSH"", ""IRC"", ""TCP"", ""UDP"", ""DHCP"", ""ARP"", ""ICMP"", ""IGMP"", ""IPv"", ""LLC"", ""Tot sum"", ""Min"", ""Max"", ""AVG"", ""Std"", ""Tot size"", ""IAT"", ""Number"", ""Variance""]",utf-8,2.217487
DDoS-RSTFINFLOOD/DDoS-RSTFINFlood11.pcap.csv,DDoS-RSTFINFlood11.pcap.csv,.csv,50492558,48.153456,0.047025,125a8488ec9cc4d2198ef7c55290193c7a0292372546c536996b8028496ef947,CSV,265702.0,39.0,"[""Header_Length"", ""Protocol Type"", ""Time_To_Live"", ""Rate"", ""fin_flag_number"", ""syn_flag_number"", ""rst_flag_number"", ""psh_flag_number"", ""ack_flag_number"", ""ece_flag_number"", ""cwr_flag_number"", ""ack_count"", ""syn_count"", ""fin_count"", ""rst_count"", ""HTTP"", ""HTTPS"", ""DNS"", ""Telnet"", ""SMTP"", ""SSH"", ""IRC"", ""TCP"", ""UDP"", ""DHCP"", ""ARP"", ""ICMP"", ""IGMP"", ""IPv"", ""LLC"", ""Tot sum"", ""Min"", ""Max"", ""AVG"", ""Std"", ""Tot size"", ""IAT"", ""Number"", ""Variance""]",utf-8,2.061232
DDoS-RSTFINFLOOD/DDoS-RSTFINFlood12.pcap.csv,DDoS-RSTFINFlood12.pcap.csv,.csv,50536714,48.195566,0.047066,2b2f3ae22fe822964469b7a2653a92d4aebd23575a69619104f27cef0002c810,CSV,266782.0,39.0,"[""Header_Length"", ""Protocol Type"", ""Time_To_Live"", ""Rate"", ""fin_flag_number"", ""syn_flag_number"", ""rst_flag_number"", ""psh_flag_number"", ""ack_flag_number"", ""ece_flag_number"", ""cwr_flag_number"", ""ack_count"", ""syn_count"", ""fin_count"", ""rst_count"", ""HTTP"", ""HTTPS"", ""DNS"", ""Telnet"", ""SMTP"", ""SSH"", ""IRC"", ""TCP"", ""UDP"", ""DHCP"", ""ARP"", ""ICMP"", ""IGMP"", ""IPv"", ""LLC"", ""Tot sum"", ""Min"", ""Max"", ""AVG"", ""Std"", ""Tot size"", ""IAT"", ""Number"", ""Variance""]",utf-8,1.655548
DDoS-RSTFINFLOOD/DDoS-RSTFINFlood13.pcap.csv,DDoS-RSTFINFlood13.pcap.csv,.csv,50720180,48.370533,0.047237,86685c3c1ced94b875bbac37d5472d928e28b17ba15bf8bba3ce0e50b9316140,CSV,268730.0,39.0,"[""Header_Length"", ""Protocol Type"", ""Time_To_Live"", ""Rate"", ""fin_flag_number"", ""syn_flag_number"", ""rst_flag_number"", ""psh_flag_number"", ""ack_flag_number"", ""ece_flag_number"", ""cwr_flag_number"", ""ack_count"", ""syn_count"", ""fin_count"", ""rst_count"", ""HTTP"", ""HTTPS"", ""DNS"", ""Telnet"", ""SMTP"", ""SSH"", ""IRC"", ""TCP"", ""UDP"", ""DHCP"", ""ARP"", ""ICMP"", ""IGMP"", ""IPv"", ""LLC"", ""Tot sum"", ""Min"", ""Max"", ""AVG"", ""Std"", ""Tot size"", ""IAT"", ""Number"", ""Variance""]",utf-8,1.701649
DDoS-RSTFINFLOOD/DDoS-RSTFINFlood14.pcap.csv,DDoS-RSTFINFlood14.pcap.csv,.csv,50771519,48.419494,0.047285,421d2877509df75e29a756b43963027d86820342285796e89f74d0043364463c,CSV,268668.0,39.0,"[""Header_Length"", ""Protocol Type"", ""Time_To_Live"", ""Rate"", ""fin_flag_number"", ""syn_flag_number"", ""rst_flag_number"", ""psh_flag_number"", ""ack_flag_number"", ""ece_flag_number"", ""cwr_flag_number"", ""ack_count"", ""syn_count"", ""fin_count"", ""rst_count"", ""HTTP"", ""HTTPS"", ""DNS"", ""Telnet"", ""SMTP"", ""SSH"", ""IRC"", ""TCP"", ""UDP"", ""DHCP"", ""ARP"", ""ICMP"", ""IGMP"", ""IPv"", ""LLC"", ""Tot sum"", ""Min"", ""Max"", ""AVG"", ""Std"", ""Tot size"", ""IAT"", ""Number"", ""Variance""]",utf-8,1.756083
DDoS-RSTFINFLOOD/DDoS-RSTFINFlood15.pcap.csv,DDoS-RSTFINFlood15.pcap.csv,.csv,11732085,11.188588,0.010926,607f3472e65d463fb11e6e7dd3498040ef98117bfde63a248da77e11c5f17192,CSV,62551.0,39.0,"[""Header_Length"", ""Protocol Type"", ""Time_To_Live"", ""Rate"", ""fin_flag_number"", ""syn_flag_number"", ""rst_flag_number"", ""psh_flag_number"", ""ack_flag_number"", ""ece_flag_number"", ""cwr_flag_number"", ""ack_count"", ""syn_count"", ""fin_count"", ""rst_count"", ""HTTP"", ""HTTPS"", ""DNS"", ""Telnet"", ""SMTP"", ""SSH"", ""IRC"", ""TCP"", ""UDP"", ""DHCP"", ""ARP"", ""ICMP"", ""IGMP"", ""IPv"", ""LLC"", ""Tot sum"", ""Min"", ""Max"", ""AVG"", ""Std"", ""Tot size"", ""IAT"", ""Number"", ""Variance""]",utf-8,0.802915
DDoS-RSTFINFLOOD/DDoS-RSTFINFlood2.pcap.csv,DDoS-RSTFINFlood2.pcap.csv,.csv,50519470,48.179121,0.04705,84f31e36eaf1b3e3603c522388406b80ddfe02e460a0c34f8d65961217b7268d,CSV,265781.0,39.0,"[""Header_Length"", ""Protocol Type"", ""Time_To_Live"", ""Rate"", ""fin_flag_number"", ""syn_flag_number"", ""rst_flag_number"", ""psh_flag_number"", ""ack_flag_number"", ""ece_flag_number"", ""cwr_flag_number"", ""ack_count"", ""syn_count"", ""fin_count"", ""rst_count"", ""HTTP"", ""HTTPS"", ""DNS"", ""Telnet"", ""SMTP"", ""SSH"", ""IRC"", ""TCP"", ""UDP"", ""DHCP"", ""ARP"", ""ICMP"", ""IGMP"", ""IPv"", ""LLC"", ""Tot sum"", ""Min"", ""Max"", ""AVG"", ""Std"", ""Tot size"", ""IAT"", ""Number"", ""Variance""]",utf-8,1.636304
DDoS-RSTFINFLOOD/DDoS-RSTFINFlood3.pcap.csv,DDoS-RSTFINFlood3.pcap.csv,.csv,50543359,48.201903,0.047072,3fc496c8e3f49f01a81f9860ef5d287caac81d9bb31e16591430b37f3f587e2f,CSV,265518.0,39.0,"[""Header_Length"", ""Protocol Type"", ""Time_To_Live"", ""Rate"", ""fin_flag_number"", ""syn_flag_number"", ""rst_flag_number"", ""psh_flag_number"", ""ack_flag_number"", ""ece_flag_number"", ""cwr_flag_number"", ""ack_count"", ""syn_count"", ""fin_count"", ""rst_count"", ""HTTP"", ""HTTPS"", ""DNS"", ""Telnet"", ""SMTP"", ""SSH"", ""IRC"", ""TCP"", ""UDP"", ""DHCP"", ""ARP"", ""ICMP"", ""IGMP"", ""IPv"", ""LLC"", ""Tot sum"", ""Min"", ""Max"", ""AVG"", ""Std"", ""Tot size"", ""IAT"", ""Number"", ""Variance""]",utf-8,1.853938
DDoS-RSTFINFLOOD/DDoS-RSTFINFlood4.pcap.csv,DDoS-RSTFINFlood4.pcap.csv,.csv,50870304,48.513702,0.047377,a307139a33e641478ead47014fbe1fe803f9a1606cf649128acb57be7157ce92,CSV,268357.0,39.0,"[""Header_Length"", ""Protocol Type"", ""Time_To_Live"", ""Rate"", ""fin_flag_number"", ""syn_flag_number"", ""rst_flag_number"", ""psh_flag_number"", ""ack_flag_number"", ""ece_flag_number"", ""cwr_flag_number"", ""ack_count"", ""syn_count"", ""fin_count"", ""rst_count"", ""HTTP"", ""HTTPS"", ""DNS"", ""Telnet"", ""SMTP"", ""SSH"", ""IRC"", ""TCP"", ""UDP"", ""DHCP"", ""ARP"", ""ICMP"", ""IGMP"", ""IPv"", ""LLC"", ""Tot sum"", ""Min"", ""Max"", ""AVG"", ""Std"", ""Tot size"", ""IAT"", ""Number"", ""Variance""]",utf-8,1.753208
DDoS-RSTFINFLOOD/DDoS-RSTFINFlood5.pcap.csv,DDoS-RSTFINFlood5.pcap.csv,.csv,50999323,48.636744,0.047497,1dfccd8e252b8fddc118670a49811a360bca01f6f58424ffc22d14af5b9ea2a2,CSV,268563.0,39.0,"[""Header_Length"", ""Protocol Type"", ""Time_To_Live"", ""Rate"", ""fin_flag_number"", ""syn_flag_number"", ""rst_flag_number"", ""psh_flag_number"", ""ack_flag_number"", ""ece_flag_number"", ""cwr_flag_number"", ""ack_count"", ""syn_count"", ""fin_count"", ""rst_count"", ""HTTP"", ""HTTPS"", ""DNS"", ""Telnet"", ""SMTP"", ""SSH"", ""IRC"", ""TCP"", ""UDP"", ""DHCP"", ""ARP"", ""ICMP"", ""IGMP"", ""IPv"", ""LLC"", ""Tot sum"", ""Min"", ""Max"", ""AVG"", ""Std"", ""Tot size"", ""IAT"", ""Number"", ""Variance""]",utf-8,1.595755
DDoS-RSTFINFLOOD/DDoS-RSTFINFlood6.pcap.csv,DDoS-RSTFINFlood6.pcap.csv,.csv,46125154,43.988375,0.042957,2c651c7f0f4d95943be9779058c456196019441963edc02c0421cf1e1e1113fa,CSV,242421.0,39.0,"[""Header_Length"", ""Protocol Type"", ""Time_To_Live"", ""Rate"", ""fin_flag_number"", ""syn_flag_number"", ""rst_flag_number"", ""psh_flag_number"", ""ack_flag_number"", ""ece_flag_number"", ""cwr_flag_number"", ""ack_count"", ""syn_count"", ""fin_count"", ""rst_count"", ""HTTP"", ""HTTPS"", ""DNS"", ""Telnet"", ""SMTP"", ""SSH"", ""IRC"", ""TCP"", ""UDP"", ""DHCP"", ""ARP"", ""ICMP"", ""IGMP"", ""IPv"", ""LLC"", ""Tot sum"", ""Min"", ""Max"", ""AVG"", ""Std"", ""Tot size"", ""IAT"", ""Number"", ""Variance""]",utf-8,1.716735
DDoS-RSTFINFLOOD/DDoS-RSTFINFlood7.pcap.csv,DDoS-RSTFINFlood7.pcap.csv,.csv,50532403,48.191455,0.047062,ac7c162a3907d8348e2c1d0d05206303dd76a7831eb852cebac65e2b0726c912,CSV,265297.0,39.0,"[""Header_Length"", ""Protocol Type"", ""Time_To_Live"", ""Rate"", ""fin_flag_number"", ""syn_flag_number"", ""rst_flag_number"", ""psh_flag_number"", ""ack_flag_number"", ""ece_flag_number"", ""cwr_flag_number"", ""ack_count"", ""syn_count"", ""fin_count"", ""rst_count"", ""HTTP"", ""HTTPS"", ""DNS"", ""Telnet"", ""SMTP"", ""SSH"", ""IRC"", ""TCP"", ""UDP"", ""DHCP"", ""ARP"", ""ICMP"", ""IGMP"", ""IPv"", ""LLC"", ""Tot sum"", ""Min"", ""Max"", ""AVG"", ""Std"", ""Tot size"", ""IAT"", ""Number"", ""Variance""]",utf-8,2.094548
DDoS-RSTFINFLOOD/DDoS-RSTFINFlood8.pcap.csv,DDoS-RSTFINFlood8.pcap.csv,.csv,50612474,48.267817,0.047137,69a89fef5bce99fdcb9b1917b864315f3e78aea73268e459f36ce16710c0ac8f,CSV,268730.0,39.0,"[""Header_Length"", ""Protocol Type"", ""Time_To_Live"", ""Rate"", ""fin_flag_number"", ""syn_flag_number"", ""rst_flag_number"", ""psh_flag_number"", ""ack_flag_number"", ""ece_flag_number"", ""cwr_flag_number"", ""ack_count"", ""syn_count"", ""fin_count"", ""rst_count"", ""HTTP"", ""HTTPS"", ""DNS"", ""Telnet"", ""SMTP"", ""SSH"", ""IRC"", ""TCP"", ""UDP"", ""DHCP"", ""ARP"", ""ICMP"", ""IGMP"", ""IPv"", ""LLC"", ""Tot sum"", ""Min"", ""Max"", ""AVG"", ""Std"", ""Tot size"", ""IAT"", ""Number"", ""Variance""]",utf-8,2.691056
DDoS-RSTFINFLOOD/DDoS-RSTFINFlood9.pcap.csv,DDoS-RSTFINFlood9.pcap.csv,.csv,50632289,48.286714,0.047155,c0ff852940e5944e26933043b74f4bb16ee556e5f117dcd0c44c059034cbc283,CSV,267317.0,39.0,"[""Header_Length"", ""Protocol Type"", ""Time_To_Live"", ""Rate"", ""fin_flag_number"", ""syn_flag_number"", ""rst_flag_number"", ""psh_flag_number"", ""ack_flag_number"", ""ece_flag_number"", ""cwr_flag_number"", ""ack_count"", ""syn_count"", ""fin_count"", ""rst_count"", ""HTTP"", ""HTTPS"", ""DNS"", ""Telnet"", ""SMTP"", ""SSH"", ""IRC"", ""TCP"", ""UDP"", ""DHCP"", ""ARP"", ""ICMP"", ""IGMP"", ""IPv"", ""LLC"", ""Tot sum"", ""Min"", ""Max"", ""AVG"", ""Std"", ""Tot size"", ""IAT"", ""Number"", ""Variance""]",utf-8,1.728249
DDoS-SYN_Flood/DDoS-SYN_Flood.pcap.csv,DDoS-SYN_Flood.pcap.csv,.csv,51108638,48.740995,0.047599,d91942c579cc1a7632ee2d64ae87bab44bfb4eca02467f612763d7a40f3b9ff3,CSV,266024.0,39.0,"[""Header_Length"", ""Protocol Type"", ""Time_To_Live"", ""Rate"", ""fin_flag_number"", ""syn_flag_number"", ""rst_flag_number"", ""psh_flag_number"", ""ack_flag_number"", ""ece_flag_number"", ""cwr_flag_number"", ""ack_count"", ""syn_count"", ""fin_count"", ""rst_count"", ""HTTP"", ""HTTPS"", ""DNS"", ""Telnet"", ""SMTP"", ""SSH"", ""IRC"", ""TCP"", ""UDP"", ""DHCP"", ""ARP"", ""ICMP"", ""IGMP"", ""IPv"", ""LLC"", ""Tot sum"", ""Min"", ""Max"", ""AVG"", ""Std"", ""Tot size"", ""IAT"", ""Number"", ""Variance""]",utf-8,2.559355
DDoS-SYN_Flood/DDoS-SYN_Flood1.pcap.csv,DDoS-SYN_Flood1.pcap.csv,.csv,51023102,48.659422,0.047519,0d9d9128bcd2d6a3976408a84f6a89dc38fc772399d9064a164d32cf613a043d,CSV,267197.0,39.0,"[""Header_Length"", ""Protocol Type"", ""Time_To_Live"", ""Rate"", ""fin_flag_number"", ""syn_flag_number"", ""rst_flag_number"", ""psh_flag_number"", ""ack_flag_number"", ""ece_flag_number"", ""cwr_flag_number"", ""ack_count"", ""syn_count"", ""fin_count"", ""rst_count"", ""HTTP"", ""HTTPS"", ""DNS"", ""Telnet"", ""SMTP"", ""SSH"", ""IRC"", ""TCP"", ""UDP"", ""DHCP"", ""ARP"", ""ICMP"", ""IGMP"", ""IPv"", ""LLC"", ""Tot sum"", ""Min"", ""Max"", ""AVG"", ""Std"", ""Tot size"", ""IAT"", ""Number"", ""Variance""]",utf-8,2.125416
DDoS-SYN_Flood/DDoS-SYN_Flood10.pcap.csv,DDoS-SYN_Flood10.pcap.csv,.csv,50881658,48.52453,0.047387,dfd6b7e2c146b4a427cdd1ea3e85b8a4a10a4499d1c144942398583f70bfcf41,CSV,267692.0,39.0,"[""Header_Length"", ""Protocol Type"", ""Time_To_Live"", ""Rate"", ""fin_flag_number"", ""syn_flag_number"", ""rst_flag_number"", ""psh_flag_number"", ""ack_flag_number"", ""ece_flag_number"", ""cwr_flag_number"", ""ack_count"", ""syn_count"", ""fin_count"", ""rst_count"", ""HTTP"", ""HTTPS"", ""DNS"", ""Telnet"", ""SMTP"", ""SSH"", ""IRC"", ""TCP"", ""UDP"", ""DHCP"", ""ARP"", ""ICMP"", ""IGMP"", ""IPv"", ""LLC"", ""Tot sum"", ""Min"", ""Max"", ""AVG"", ""Std"", ""Tot size"", ""IAT"", ""Number"", ""Variance""]",utf-8,2.864586
DDoS-SYN_Flood/DDoS-SYN_Flood11.pcap.csv,DDoS-SYN_Flood11.pcap.csv,.csv,50551155,48.209338,0.047079,5b9a31b2a325d47c011d77c2a44c9267cce9fc5df412c8dbb9df5e6114677787,CSV,266507.0,39.0,"[""Header_Length"", ""Protocol Type"", ""Time_To_Live"", ""Rate"", ""fin_flag_number"", ""syn_flag_number"", ""rst_flag_number"", ""psh_flag_number"", ""ack_flag_number"", ""ece_flag_number"", ""cwr_flag_number"", ""ack_count"", ""syn_count"", ""fin_count"", ""rst_count"", ""HTTP"", ""HTTPS"", ""DNS"", ""Telnet"", ""SMTP"", ""SSH"", ""IRC"", ""TCP"", ""UDP"", ""DHCP"", ""ARP"", ""ICMP"", ""IGMP"", ""IPv"", ""LLC"", ""Tot sum"", ""Min"", ""Max"", ""AVG"", ""Std"", ""Tot size"", ""IAT"", ""Number"", ""Variance""]",utf-8,2.491848
DDoS-SYN_Flood/DDoS-SYN_Flood12.pcap.csv,DDoS-SYN_Flood12.pcap.csv,.csv,50926355,48.567157,0.047429,bb721c5e71fddef59625d4ef557488a510fdfaa30264ee333e56220988ea9b78,CSV,268242.0,39.0,"[""Header_Length"", ""Protocol Type"", ""Time_To_Live"", ""Rate"", ""fin_flag_number"", ""syn_flag_number"", ""rst_flag_number"", ""psh_flag_number"", ""ack_flag_number"", ""ece_flag_number"", ""cwr_flag_number"", ""ack_count"", ""syn_count"", ""fin_count"", ""rst_count"", ""HTTP"", ""HTTPS"", ""DNS"", ""Telnet"", ""SMTP"", ""SSH"", ""IRC"", ""TCP"", ""UDP"", ""DHCP"", ""ARP"", ""ICMP"", ""IGMP"", ""IPv"", ""LLC"", ""Tot sum"", ""Min"", ""Max"", ""AVG"", ""Std"", ""Tot size"", ""IAT"", ""Number"", ""Variance""]",utf-8,2.097717
DDoS-SYN_Flood/DDoS-SYN_Flood13.pcap.csv,DDoS-SYN_Flood13.pcap.csv,.csv,50869969,48.513383,0.047376,c3267155336daa8dc430ccdd30ad7d9e2cb7c01ad94cac21b43fd3152990ff8a,CSV,268015.0,39.0,"[""Header_Length"", ""Protocol Type"", ""Time_To_Live"", ""Rate"", ""fin_flag_number"", ""syn_flag_number"", ""rst_flag_number"", ""psh_flag_number"", ""ack_flag_number"", ""ece_flag_number"", ""cwr_flag_number"", ""ack_count"", ""syn_count"", ""fin_count"", ""rst_count"", ""HTTP"", ""HTTPS"", ""DNS"", ""Telnet"", ""SMTP"", ""SSH"", ""IRC"", ""TCP"", ""UDP"", ""DHCP"", ""ARP"", ""ICMP"", ""IGMP"", ""IPv"", ""LLC"", ""Tot sum"", ""Min"", ""Max"", ""AVG"", ""Std"", ""Tot size"", ""IAT"", ""Number"", ""Variance""]",utf-8,1.647617
DDoS-SYN_Flood/DDoS-SYN_Flood14.pcap.csv,DDoS-SYN_Flood14.pcap.csv,.csv,50380963,48.04703,0.046921,03843b2d85d99fba2b577dd86ca39e26f2adddb30722aa0676f2e16ca900eb9d,CSV,264392.0,39.0,"[""Header_Length"", ""Protocol Type"", ""Time_To_Live"", ""Rate"", ""fin_flag_number"", ""syn_flag_number"", ""rst_flag_number"", ""psh_flag_number"", ""ack_flag_number"", ""ece_flag_number"", ""cwr_flag_number"", ""ack_count"", ""syn_count"", ""fin_count"", ""rst_count"", ""HTTP"", ""HTTPS"", ""DNS"", ""Telnet"", ""SMTP"", ""SSH"", ""IRC"", ""TCP"", ""UDP"", ""DHCP"", ""ARP"", ""ICMP"", ""IGMP"", ""IPv"", ""LLC"", ""Tot sum"", ""Min"", ""Max"", ""AVG"", ""Std"", ""Tot size"", ""IAT"", ""Number"", ""Variance""]",utf-8,1.834634
DDoS-SYN_Flood/DDoS-SYN_Flood15.pcap.csv,DDoS-SYN_Flood15.pcap.csv,.csv,26009693,24.804776,0.024223,9dfa52aa684202286dc352b24bd8f19e1082e6b460484ad958d3f51d4ec0f3e2,CSV,137254.0,39.0,"[""Header_Length"", ""Protocol Type"", ""Time_To_Live"", ""Rate"", ""fin_flag_number"", ""syn_flag_number"", ""rst_flag_number"", ""psh_flag_number"", ""ack_flag_number"", ""ece_flag_number"", ""cwr_flag_number"", ""ack_count"", ""syn_count"", ""fin_count"", ""rst_count"", ""HTTP"", ""HTTPS"", ""DNS"", ""Telnet"", ""SMTP"", ""SSH"", ""IRC"", ""TCP"", ""UDP"", ""DHCP"", ""ARP"", ""ICMP"", ""IGMP"", ""IPv"", ""LLC"", ""Tot sum"", ""Min"", ""Max"", ""AVG"", ""Std"", ""Tot size"", ""IAT"", ""Number"", ""Variance""]",utf-8,1.010591
DDoS-SYN_Flood/DDoS-SYN_Flood2.pcap.csv,DDoS-SYN_Flood2.pcap.csv,.csv,50841893,48.486608,0.04735,e8a2d9ca9d0c08b868ecd353aad57233780c13acd38b8af016318c7e7971e371,CSV,268427.0,39.0,"[""Header_Length"", ""Protocol Type"", ""Time_To_Live"", ""Rate"", ""fin_flag_number"", ""syn_flag_number"", ""rst_flag_number"", ""psh_flag_number"", ""ack_flag_number"", ""ece_flag_number"", ""cwr_flag_number"", ""ack_count"", ""syn_count"", ""fin_count"", ""rst_count"", ""HTTP"", ""HTTPS"", ""DNS"", ""Telnet"", ""SMTP"", ""SSH"", ""IRC"", ""TCP"", ""UDP"", ""DHCP"", ""ARP"", ""ICMP"", ""IGMP"", ""IPv"", ""LLC"", ""Tot sum"", ""Min"", ""Max"", ""AVG"", ""Std"", ""Tot size"", ""IAT"", ""Number"", ""Variance""]",utf-8,2.383139
DDoS-SYN_Flood/DDoS-SYN_Flood3.pcap.csv,DDoS-SYN_Flood3.pcap.csv,.csv,50687752,48.339607,0.047207,9b9d3a5119e47331ac206fb4747bdcc8721398615640b1012c37c3cdbed07f57,CSV,268354.0,39.0,"[""Header_Length"", ""Protocol Type"", ""Time_To_Live"", ""Rate"", ""fin_flag_number"", ""syn_flag_number"", ""rst_flag_number"", ""psh_flag_number"", ""ack_flag_number"", ""ece_flag_number"", ""cwr_flag_number"", ""ack_count"", ""syn_count"", ""fin_count"", ""rst_count"", ""HTTP"", ""HTTPS"", ""DNS"", ""Telnet"", ""SMTP"", ""SSH"", ""IRC"", ""TCP"", ""UDP"", ""DHCP"", ""ARP"", ""ICMP"", ""IGMP"", ""IPv"", ""LLC"", ""Tot sum"", ""Min"", ""Max"", ""AVG"", ""Std"", ""Tot size"", ""IAT"", ""Number"", ""Variance""]",utf-8,4.540722
DDoS-SYN_Flood/DDoS-SYN_Flood4.pcap.csv,DDoS-SYN_Flood4.pcap.csv,.csv,38728063,36.933959,0.036068,b054d51ddcd59f376e3645c716da84274911f879a4728b1918267403c7b6cd48,CSV,191158.0,39.0,"[""Header_Length"", ""Protocol Type"", ""Time_To_Live"", ""Rate"", ""fin_flag_number"", ""syn_flag_number"", ""rst_flag_number"", ""psh_flag_number"", ""ack_flag_number"", ""ece_flag_number"", ""cwr_flag_number"", ""ack_count"", ""syn_count"", ""fin_count"", ""rst_count"", ""HTTP"", ""HTTPS"", ""DNS"", ""Telnet"", ""SMTP"", ""SSH"", ""IRC"", ""TCP"", ""UDP"", ""DHCP"", ""ARP"", ""ICMP"", ""IGMP"", ""IPv"", ""LLC"", ""Tot sum"", ""Min"", ""Max"", ""AVG"", ""Std"", ""Tot size"", ""IAT"", ""Number"", ""Variance""]",utf-8,1.949914
DDoS-SYN_Flood/DDoS-SYN_Flood5.pcap.csv,DDoS-SYN_Flood5.pcap.csv,.csv,50530644,48.189777,0.04706,465623592c3e8ccf86aabdcba30f57f565f6d309efec5cb0b88299021f1f610b,CSV,267275.0,39.0,"[""Header_Length"", ""Protocol Type"", ""Time_To_Live"", ""Rate"", ""fin_flag_number"", ""syn_flag_number"", ""rst_flag_number"", ""psh_flag_number"", ""ack_flag_number"", ""ece_flag_number"", ""cwr_flag_number"", ""ack_count"", ""syn_count"", ""fin_count"", ""rst_count"", ""HTTP"", ""HTTPS"", ""DNS"", ""Telnet"", ""SMTP"", ""SSH"", ""IRC"", ""TCP"", ""UDP"", ""DHCP"", ""ARP"", ""ICMP"", ""IGMP"", ""IPv"", ""LLC"", ""Tot sum"", ""Min"", ""Max"", ""AVG"", ""Std"", ""Tot size"", ""IAT"", ""Number"", ""Variance""]",utf-8,4.407847
DDoS-SYN_Flood/DDoS-SYN_Flood6.pcap.csv,DDoS-SYN_Flood6.pcap.csv,.csv,50719359,48.36975,0.047236,1bd8c3d02367c763e312d7f0fe73a5d9aed1a7551a09cc2ab075f2f0b6305ec3,CSV,267846.0,39.0,"[""Header_Length"", ""Protocol Type"", ""Time_To_Live"", ""Rate"", ""fin_flag_number"", ""syn_flag_number"", ""rst_flag_number"", ""psh_flag_number"", ""ack_flag_number"", ""ece_flag_number"", ""cwr_flag_number"", ""ack_count"", ""syn_count"", ""fin_count"", ""rst_count"", ""HTTP"", ""HTTPS"", ""DNS"", ""Telnet"", ""SMTP"", ""SSH"", ""IRC"", ""TCP"", ""UDP"", ""DHCP"", ""ARP"", ""ICMP"", ""IGMP"", ""IPv"", ""LLC"", ""Tot sum"", ""Min"", ""Max"", ""AVG"", ""Std"", ""Tot size"", ""IAT"", ""Number"", ""Variance""]",utf-8,2.390137
DDoS-SYN_Flood/DDoS-SYN_Flood7.pcap.csv,DDoS-SYN_Flood7.pcap.csv,.csv,50413362,48.077929,0.046951,faf3341e4960c3a7577b902d1063e9da4b3eb4becbb19872d3b10b7b9b7fc2a3,CSV,265072.0,39.0,"[""Header_Length"", ""Protocol Type"", ""Time_To_Live"", ""Rate"", ""fin_flag_number"", ""syn_flag_number"", ""rst_flag_number"", ""psh_flag_number"", ""ack_flag_number"", ""ece_flag_number"", ""cwr_flag_number"", ""ack_count"", ""syn_count"", ""fin_count"", ""rst_count"", ""HTTP"", ""HTTPS"", ""DNS"", ""Telnet"", ""SMTP"", ""SSH"", ""IRC"", ""TCP"", ""UDP"", ""DHCP"", ""ARP"", ""ICMP"", ""IGMP"", ""IPv"", ""LLC"", ""Tot sum"", ""Min"", ""Max"", ""AVG"", ""Std"", ""Tot size"", ""IAT"", ""Number"", ""Variance""]",utf-8,1.939037
DDoS-SYN_Flood/DDoS-SYN_Flood8.pcap.csv,DDoS-SYN_Flood8.pcap.csv,.csv,50031206,47.713476,0.046595,475c0cdfd283c830b3dadff1e9571ad9199981c0f00b4635d94d84dabfcfbee8,CSV,260194.0,39.0,"[""Header_Length"", ""Protocol Type"", ""Time_To_Live"", ""Rate"", ""fin_flag_number"", ""syn_flag_number"", ""rst_flag_number"", ""psh_flag_number"", ""ack_flag_number"", ""ece_flag_number"", ""cwr_flag_number"", ""ack_count"", ""syn_count"", ""fin_count"", ""rst_count"", ""HTTP"", ""HTTPS"", ""DNS"", ""Telnet"", ""SMTP"", ""SSH"", ""IRC"", ""TCP"", ""UDP"", ""DHCP"", ""ARP"", ""ICMP"", ""IGMP"", ""IPv"", ""LLC"", ""Tot sum"", ""Min"", ""Max"", ""AVG"", ""Std"", ""Tot size"", ""IAT"", ""Number"", ""Variance""]",utf-8,3.446145
DDoS-SYN_Flood/DDoS-SYN_Flood9.pcap.csv,DDoS-SYN_Flood9.pcap.csv,.csv,50601708,48.257549,0.047127,ee9ef875cccec18afd461671d65444aa978cbf446000ed5ba19a98a577c8a46d,CSV,265530.0,39.0,"[""Header_Length"", ""Protocol Type"", ""Time_To_Live"", ""Rate"", ""fin_flag_number"", ""syn_flag_number"", ""rst_flag_number"", ""psh_flag_number"", ""ack_flag_number"", ""ece_flag_number"", ""cwr_flag_number"", ""ack_count"", ""syn_count"", ""fin_count"", ""rst_count"", ""HTTP"", ""HTTPS"", ""DNS"", ""Telnet"", ""SMTP"", ""SSH"", ""IRC"", ""TCP"", ""UDP"", ""DHCP"", ""ARP"", ""ICMP"", ""IGMP"", ""IPv"", ""LLC"", ""Tot sum"", ""Min"", ""Max"", ""AVG"", ""Std"", ""Tot size"", ""IAT"", ""Number"", ""Variance""]",utf-8,2.265741
DDoS-SlowLoris/DDoS-SlowLoris.pcap.csv,DDoS-SlowLoris.pcap.csv,.csv,5224322,4.982302,0.004866,398edc828cca5d70fb9d8bf6aa1e891fcc88921ff622443100d8059456ce3645,CSV,23426.0,39.0,"[""Header_Length"", ""Protocol Type"", ""Time_To_Live"", ""Rate"", ""fin_flag_number"", ""syn_flag_number"", ""rst_flag_number"", ""psh_flag_number"", ""ack_flag_number"", ""ece_flag_number"", ""cwr_flag_number"", ""ack_count"", ""syn_count"", ""fin_count"", ""rst_count"", ""HTTP"", ""HTTPS"", ""DNS"", ""Telnet"", ""SMTP"", ""SSH"", ""IRC"", ""TCP"", ""UDP"", ""DHCP"", ""ARP"", ""ICMP"", ""IGMP"", ""IPv"", ""LLC"", ""Tot sum"", ""Min"", ""Max"", ""AVG"", ""Std"", ""Tot size"", ""IAT"", ""Number"", ""Variance""]",utf-8,0.374445
DDoS-SynonymousIP_Flood/DDoS-SynonymousIP_Flood.pcap.csv,DDoS-SynonymousIP_Flood.pcap.csv,.csv,50046999,47.728538,0.04661,93eed7f3c4c0d2210387ea0a847b271d5d96de51e717da0b6c22b8199a66c402,CSV,268626.0,39.0,"[""Header_Length"", ""Protocol Type"", ""Time_To_Live"", ""Rate"", ""fin_flag_number"", ""syn_flag_number"", ""rst_flag_number"", ""psh_flag_number"", ""ack_flag_number"", ""ece_flag_number"", ""cwr_flag_number"", ""ack_count"", ""syn_count"", ""fin_count"", ""rst_count"", ""HTTP"", ""HTTPS"", ""DNS"", ""Telnet"", ""SMTP"", ""SSH"", ""IRC"", ""TCP"", ""UDP"", ""DHCP"", ""ARP"", ""ICMP"", ""IGMP"", ""IPv"", ""LLC"", ""Tot sum"", ""Min"", ""Max"", ""AVG"", ""Std"", ""Tot size"", ""IAT"", ""Number"", ""Variance""]",utf-8,2.682925
DDoS-SynonymousIP_Flood/DDoS-SynonymousIP_Flood1.pcap.csv,DDoS-SynonymousIP_Flood1.pcap.csv,.csv,50266850,47.938204,0.046815,ce41314355f5fafa2d7ba1e3c6b32087ce3f093916eab0f937e883df95bce05e,CSV,268318.0,39.0,"[""Header_Length"", ""Protocol Type"", ""Time_To_Live"", ""Rate"", ""fin_flag_number"", ""syn_flag_number"", ""rst_flag_number"", ""psh_flag_number"", ""ack_flag_number"", ""ece_flag_number"", ""cwr_flag_number"", ""ack_count"", ""syn_count"", ""fin_count"", ""rst_count"", ""HTTP"", ""HTTPS"", ""DNS"", ""Telnet"", ""SMTP"", ""SSH"", ""IRC"", ""TCP"", ""UDP"", ""DHCP"", ""ARP"", ""ICMP"", ""IGMP"", ""IPv"", ""LLC"", ""Tot sum"", ""Min"", ""Max"", ""AVG"", ""Std"", ""Tot size"", ""IAT"", ""Number"", ""Variance""]",utf-8,2.089055
DDoS-SynonymousIP_Flood/DDoS-SynonymousIP_Flood10.pcap.csv,DDoS-SynonymousIP_Flood10.pcap.csv,.csv,49796886,47.490011,0.046377,208b9a92e4b8913708dfd9dfda4002deed86484cd7891437677eaa6b326a83b5,CSV,265192.0,39.0,"[""Header_Length"", ""Protocol Type"", ""Time_To_Live"", ""Rate"", ""fin_flag_number"", ""syn_flag_number"", ""rst_flag_number"", ""psh_flag_number"", ""ack_flag_number"", ""ece_flag_number"", ""cwr_flag_number"", ""ack_count"", ""syn_count"", ""fin_count"", ""rst_count"", ""HTTP"", ""HTTPS"", ""DNS"", ""Telnet"", ""SMTP"", ""SSH"", ""IRC"", ""TCP"", ""UDP"", ""DHCP"", ""ARP"", ""ICMP"", ""IGMP"", ""IPv"", ""LLC"", ""Tot sum"", ""Min"", ""Max"", ""AVG"", ""Std"", ""Tot size"", ""IAT"", ""Number"", ""Variance""]",utf-8,2.986733
DDoS-SynonymousIP_Flood/DDoS-SynonymousIP_Flood11.pcap.csv,DDoS-SynonymousIP_Flood11.pcap.csv,.csv,50313881,47.983056,0.046858,9121ce079a13864df93386f47b948977afaadeeb8228b7af60f21654b4958933,CSV,268395.0,39.0,"[""Header_Length"", ""Protocol Type"", ""Time_To_Live"", ""Rate"", ""fin_flag_number"", ""syn_flag_number"", ""rst_flag_number"", ""psh_flag_number"", ""ack_flag_number"", ""ece_flag_number"", ""cwr_flag_number"", ""ack_count"", ""syn_count"", ""fin_count"", ""rst_count"", ""HTTP"", ""HTTPS"", ""DNS"", ""Telnet"", ""SMTP"", ""SSH"", ""IRC"", ""TCP"", ""UDP"", ""DHCP"", ""ARP"", ""ICMP"", ""IGMP"", ""IPv"", ""LLC"", ""Tot sum"", ""Min"", ""Max"", ""AVG"", ""Std"", ""Tot size"", ""IAT"", ""Number"", ""Variance""]",utf-8,2.477362
DDoS-SynonymousIP_Flood/DDoS-SynonymousIP_Flood12.pcap.csv,DDoS-SynonymousIP_Flood12.pcap.csv,.csv,50266780,47.938137,0.046815,2ea5495bd1d08e60193ddc10b002483ebdc5bab949b1b5bd96c7ee67371042ca,CSV,267995.0,39.0,"[""Header_Length"", ""Protocol Type"", ""Time_To_Live"", ""Rate"", ""fin_flag_number"", ""syn_flag_number"", ""rst_flag_number"", ""psh_flag_number"", ""ack_flag_number"", ""ece_flag_number"", ""cwr_flag_number"", ""ack_count"", ""syn_count"", ""fin_count"", ""rst_count"", ""HTTP"", ""HTTPS"", ""DNS"", ""Telnet"", ""SMTP"", ""SSH"", ""IRC"", ""TCP"", ""UDP"", ""DHCP"", ""ARP"", ""ICMP"", ""IGMP"", ""IPv"", ""LLC"", ""Tot sum"", ""Min"", ""Max"", ""AVG"", ""Std"", ""Tot size"", ""IAT"", ""Number"", ""Variance""]",utf-8,3.053458
DDoS-SynonymousIP_Flood/DDoS-SynonymousIP_Flood13.pcap.csv,DDoS-SynonymousIP_Flood13.pcap.csv,.csv,23850442,22.745554,0.022212,6b3f62f61c99a32de6a1c7ed19cc67936b512e6268e604ec5f7c0a9cdf017687,CSV,127048.0,39.0,"[""Header_Length"", ""Protocol Type"", ""Time_To_Live"", ""Rate"", ""fin_flag_number"", ""syn_flag_number"", ""rst_flag_number"", ""psh_flag_number"", ""ack_flag_number"", ""ece_flag_number"", ""cwr_flag_number"", ""ack_count"", ""syn_count"", ""fin_count"", ""rst_count"", ""HTTP"", ""HTTPS"", ""DNS"", ""Telnet"", ""SMTP"", ""SSH"", ""IRC"", ""TCP"", ""UDP"", ""DHCP"", ""ARP"", ""ICMP"", ""IGMP"", ""IPv"", ""LLC"", ""Tot sum"", ""Min"", ""Max"", ""AVG"", ""Std"", ""Tot size"", ""IAT"", ""Number"", ""Variance""]",utf-8,1.199875
DDoS-SynonymousIP_Flood/DDoS-SynonymousIP_Flood2.pcap.csv,DDoS-SynonymousIP_Flood2.pcap.csv,.csv,50276958,47.947844,0.046824,eca39fe4477245e6708f8afa2fe858a3962634a70781d863dde3dd762ce9d43f,CSV,268216.0,39.0,"[""Header_Length"", ""Protocol Type"", ""Time_To_Live"", ""Rate"", ""fin_flag_number"", ""syn_flag_number"", ""rst_flag_number"", ""psh_flag_number"", ""ack_flag_number"", ""ece_flag_number"", ""cwr_flag_number"", ""ack_count"", ""syn_count"", ""fin_count"", ""rst_count"", ""HTTP"", ""HTTPS"", ""DNS"", ""Telnet"", ""SMTP"", ""SSH"", ""IRC"", ""TCP"", ""UDP"", ""DHCP"", ""ARP"", ""ICMP"", ""IGMP"", ""IPv"", ""LLC"", ""Tot sum"", ""Min"", ""Max"", ""AVG"", ""Std"", ""Tot size"", ""IAT"", ""Number"", ""Variance""]",utf-8,2.696794
DDoS-SynonymousIP_Flood/DDoS-SynonymousIP_Flood3.pcap.csv,DDoS-SynonymousIP_Flood3.pcap.csv,.csv,50253134,47.925123,0.046802,edf890eeafb90f031f6703f8577805c7a2989a3ebfc6a05e786540ffc2731ed5,CSV,268323.0,39.0,"[""Header_Length"", ""Protocol Type"", ""Time_To_Live"", ""Rate"", ""fin_flag_number"", ""syn_flag_number"", ""rst_flag_number"", ""psh_flag_number"", ""ack_flag_number"", ""ece_flag_number"", ""cwr_flag_number"", ""ack_count"", ""syn_count"", ""fin_count"", ""rst_count"", ""HTTP"", ""HTTPS"", ""DNS"", ""Telnet"", ""SMTP"", ""SSH"", ""IRC"", ""TCP"", ""UDP"", ""DHCP"", ""ARP"", ""ICMP"", ""IGMP"", ""IPv"", ""LLC"", ""Tot sum"", ""Min"", ""Max"", ""AVG"", ""Std"", ""Tot size"", ""IAT"", ""Number"", ""Variance""]",utf-8,2.340581
DDoS-SynonymousIP_Flood/DDoS-SynonymousIP_Flood4.pcap.csv,DDoS-SynonymousIP_Flood4.pcap.csv,.csv,50363699,48.030566,0.046905,73f8658d0d4a06cf96d2d5f9c97afd59637f568dbb2bf9d01ba35acf7df943c7,CSV,268511.0,39.0,"[""Header_Length"", ""Protocol Type"", ""Time_To_Live"", ""Rate"", ""fin_flag_number"", ""syn_flag_number"", ""rst_flag_number"", ""psh_flag_number"", ""ack_flag_number"", ""ece_flag_number"", ""cwr_flag_number"", ""ack_count"", ""syn_count"", ""fin_count"", ""rst_count"", ""HTTP"", ""HTTPS"", ""DNS"", ""Telnet"", ""SMTP"", ""SSH"", ""IRC"", ""TCP"", ""UDP"", ""DHCP"", ""ARP"", ""ICMP"", ""IGMP"", ""IPv"", ""LLC"", ""Tot sum"", ""Min"", ""Max"", ""AVG"", ""Std"", ""Tot size"", ""IAT"", ""Number"", ""Variance""]",utf-8,2.820169
DDoS-SynonymousIP_Flood/DDoS-SynonymousIP_Flood5.pcap.csv,DDoS-SynonymousIP_Flood5.pcap.csv,.csv,49573207,47.276694,0.046169,70156088f170fd3441dc99ad537490d79f8de47bdc1d5ff7257a9cdc69c730a9,CSV,265152.0,39.0,"[""Header_Length"", ""Protocol Type"", ""Time_To_Live"", ""Rate"", ""fin_flag_number"", ""syn_flag_number"", ""rst_flag_number"", ""psh_flag_number"", ""ack_flag_number"", ""ece_flag_number"", ""cwr_flag_number"", ""ack_count"", ""syn_count"", ""fin_count"", ""rst_count"", ""HTTP"", ""HTTPS"", ""DNS"", ""Telnet"", ""SMTP"", ""SSH"", ""IRC"", ""TCP"", ""UDP"", ""DHCP"", ""ARP"", ""ICMP"", ""IGMP"", ""IPv"", ""LLC"", ""Tot sum"", ""Min"", ""Max"", ""AVG"", ""Std"", ""Tot size"", ""IAT"", ""Number"", ""Variance""]",utf-8,1.854485
DDoS-SynonymousIP_Flood/DDoS-SynonymousIP_Flood6.pcap.csv,DDoS-SynonymousIP_Flood6.pcap.csv,.csv,49205678,46.926191,0.045826,e94f87ad79dff4ae0dff4463cef7dbc144bb469f7ec8b794d8105ca62b88db4f,CSV,262517.0,39.0,"[""Header_Length"", ""Protocol Type"", ""Time_To_Live"", ""Rate"", ""fin_flag_number"", ""syn_flag_number"", ""rst_flag_number"", ""psh_flag_number"", ""ack_flag_number"", ""ece_flag_number"", ""cwr_flag_number"", ""ack_count"", ""syn_count"", ""fin_count"", ""rst_count"", ""HTTP"", ""HTTPS"", ""DNS"", ""Telnet"", ""SMTP"", ""SSH"", ""IRC"", ""TCP"", ""UDP"", ""DHCP"", ""ARP"", ""ICMP"", ""IGMP"", ""IPv"", ""LLC"", ""Tot sum"", ""Min"", ""Max"", ""AVG"", ""Std"", ""Tot size"", ""IAT"", ""Number"", ""Variance""]",utf-8,2.503178
DDoS-SynonymousIP_Flood/DDoS-SynonymousIP_Flood7.pcap.csv,DDoS-SynonymousIP_Flood7.pcap.csv,.csv,50414449,48.078965,0.046952,5026cd1bd57fc30c6883f0cd7d77b71f7720401a8987b338022bc5c44d766897,CSV,267650.0,39.0,"[""Header_Length"", ""Protocol Type"", ""Time_To_Live"", ""Rate"", ""fin_flag_number"", ""syn_flag_number"", ""rst_flag_number"", ""psh_flag_number"", ""ack_flag_number"", ""ece_flag_number"", ""cwr_flag_number"", ""ack_count"", ""syn_count"", ""fin_count"", ""rst_count"", ""HTTP"", ""HTTPS"", ""DNS"", ""Telnet"", ""SMTP"", ""SSH"", ""IRC"", ""TCP"", ""UDP"", ""DHCP"", ""ARP"", ""ICMP"", ""IGMP"", ""IPv"", ""LLC"", ""Tot sum"", ""Min"", ""Max"", ""AVG"", ""Std"", ""Tot size"", ""IAT"", ""Number"", ""Variance""]",utf-8,2.707994
DDoS-SynonymousIP_Flood/DDoS-SynonymousIP_Flood8.pcap.csv,DDoS-SynonymousIP_Flood8.pcap.csv,.csv,50410503,48.075202,0.046948,1a9a3932d73bff073e98321a905e8a77833f87bf32a5d585fa67e0bc280feca5,CSV,267851.0,39.0,"[""Header_Length"", ""Protocol Type"", ""Time_To_Live"", ""Rate"", ""fin_flag_number"", ""syn_flag_number"", ""rst_flag_number"", ""psh_flag_number"", ""ack_flag_number"", ""ece_flag_number"", ""cwr_flag_number"", ""ack_count"", ""syn_count"", ""fin_count"", ""rst_count"", ""HTTP"", ""HTTPS"", ""DNS"", ""Telnet"", ""SMTP"", ""SSH"", ""IRC"", ""TCP"", ""UDP"", ""DHCP"", ""ARP"", ""ICMP"", ""IGMP"", ""IPv"", ""LLC"", ""Tot sum"", ""Min"", ""Max"", ""AVG"", ""Std"", ""Tot size"", ""IAT"", ""Number"", ""Variance""]",utf-8,3.822729
DDoS-SynonymousIP_Flood/DDoS-SynonymousIP_Flood9.pcap.csv,DDoS-SynonymousIP_Flood9.pcap.csv,.csv,49595474,47.29793,0.046189,52457f73a924dd116773f3402637a3c7f7c4a0be7f5bf178d708ff581e33ffe4,CSV,264339.0,39.0,"[""Header_Length"", ""Protocol Type"", ""Time_To_Live"", ""Rate"", ""fin_flag_number"", ""syn_flag_number"", ""rst_flag_number"", ""psh_flag_number"", ""ack_flag_number"", ""ece_flag_number"", ""cwr_flag_number"", ""ack_count"", ""syn_count"", ""fin_count"", ""rst_count"", ""HTTP"", ""HTTPS"", ""DNS"", ""Telnet"", ""SMTP"", ""SSH"", ""IRC"", ""TCP"", ""UDP"", ""DHCP"", ""ARP"", ""ICMP"", ""IGMP"", ""IPv"", ""LLC"", ""Tot sum"", ""Min"", ""Max"", ""AVG"", ""Std"", ""Tot size"", ""IAT"", ""Number"", ""Variance""]",utf-8,3.776911
DDoS-TCP_Flood/DDoS-TCP_Flood.pcap.csv,DDoS-TCP_Flood.pcap.csv,.csv,49564789,47.268666,0.046161,b3568dbcfb412e05fc9ff635a3983d7b7901c922ad0894bb3d25d4b6c012ea45,CSV,265776.0,39.0,"[""Header_Length"", ""Protocol Type"", ""Time_To_Live"", ""Rate"", ""fin_flag_number"", ""syn_flag_number"", ""rst_flag_number"", ""psh_flag_number"", ""ack_flag_number"", ""ece_flag_number"", ""cwr_flag_number"", ""ack_count"", ""syn_count"", ""fin_count"", ""rst_count"", ""HTTP"", ""HTTPS"", ""DNS"", ""Telnet"", ""SMTP"", ""SSH"", ""IRC"", ""TCP"", ""UDP"", ""DHCP"", ""ARP"", ""ICMP"", ""IGMP"", ""IPv"", ""LLC"", ""Tot sum"", ""Min"", ""Max"", ""AVG"", ""Std"", ""Tot size"", ""IAT"", ""Number"", ""Variance""]",utf-8,3.380911
DDoS-TCP_Flood/DDoS-TCP_Flood1.pcap.csv,DDoS-TCP_Flood1.pcap.csv,.csv,50150587,47.827327,0.046706,f5f38a64efc8368d69d95aca0f80570fe44bee850f8ee47ac5d5d795ec0c81a2,CSV,267364.0,39.0,"[""Header_Length"", ""Protocol Type"", ""Time_To_Live"", ""Rate"", ""fin_flag_number"", ""syn_flag_number"", ""rst_flag_number"", ""psh_flag_number"", ""ack_flag_number"", ""ece_flag_number"", ""cwr_flag_number"", ""ack_count"", ""syn_count"", ""fin_count"", ""rst_count"", ""HTTP"", ""HTTPS"", ""DNS"", ""Telnet"", ""SMTP"", ""SSH"", ""IRC"", ""TCP"", ""UDP"", ""DHCP"", ""ARP"", ""ICMP"", ""IGMP"", ""IPv"", ""LLC"", ""Tot sum"", ""Min"", ""Max"", ""AVG"", ""Std"", ""Tot size"", ""IAT"", ""Number"", ""Variance""]",utf-8,2.939187
DDoS-TCP_Flood/DDoS-TCP_Flood10.pcap.csv,DDoS-TCP_Flood10.pcap.csv,.csv,49634604,47.335247,0.046226,e692a4c4846d1f9e11a3c682c3f5beb729f3e439583034a6ca0440a9936d89cf,CSV,264404.0,39.0,"[""Header_Length"", ""Protocol Type"", ""Time_To_Live"", ""Rate"", ""fin_flag_number"", ""syn_flag_number"", ""rst_flag_number"", ""psh_flag_number"", ""ack_flag_number"", ""ece_flag_number"", ""cwr_flag_number"", ""ack_count"", ""syn_count"", ""fin_count"", ""rst_count"", ""HTTP"", ""HTTPS"", ""DNS"", ""Telnet"", ""SMTP"", ""SSH"", ""IRC"", ""TCP"", ""UDP"", ""DHCP"", ""ARP"", ""ICMP"", ""IGMP"", ""IPv"", ""LLC"", ""Tot sum"", ""Min"", ""Max"", ""AVG"", ""Std"", ""Tot size"", ""IAT"", ""Number"", ""Variance""]",utf-8,1.800517
DDoS-TCP_Flood/DDoS-TCP_Flood11.pcap.csv,DDoS-TCP_Flood11.pcap.csv,.csv,48625905,46.373277,0.045286,64173a9e74fb1aed6cf8a01980ed9e9b0e884f7256c2473aa932d288fcbc28b8,CSV,260145.0,39.0,"[""Header_Length"", ""Protocol Type"", ""Time_To_Live"", ""Rate"", ""fin_flag_number"", ""syn_flag_number"", ""rst_flag_number"", ""psh_flag_number"", ""ack_flag_number"", ""ece_flag_number"", ""cwr_flag_number"", ""ack_count"", ""syn_count"", ""fin_count"", ""rst_count"", ""HTTP"", ""HTTPS"", ""DNS"", ""Telnet"", ""SMTP"", ""SSH"", ""IRC"", ""TCP"", ""UDP"", ""DHCP"", ""ARP"", ""ICMP"", ""IGMP"", ""IPv"", ""LLC"", ""Tot sum"", ""Min"", ""Max"", ""AVG"", ""Std"", ""Tot size"", ""IAT"", ""Number"", ""Variance""]",utf-8,4.573156
DDoS-TCP_Flood/DDoS-TCP_Flood12.pcap.csv,DDoS-TCP_Flood12.pcap.csv,.csv,50205770,47.879953,0.046758,a0eb137cf8e3cf00454a5382d5fcbc1847012d712a41a7c0e3d03e72221eb8a4,CSV,267983.0,39.0,"[""Header_Length"", ""Protocol Type"", ""Time_To_Live"", ""Rate"", ""fin_flag_number"", ""syn_flag_number"", ""rst_flag_number"", ""psh_flag_number"", ""ack_flag_number"", ""ece_flag_number"", ""cwr_flag_number"", ""ack_count"", ""syn_count"", ""fin_count"", ""rst_count"", ""HTTP"", ""HTTPS"", ""DNS"", ""Telnet"", ""SMTP"", ""SSH"", ""IRC"", ""TCP"", ""UDP"", ""DHCP"", ""ARP"", ""ICMP"", ""IGMP"", ""IPv"", ""LLC"", ""Tot sum"", ""Min"", ""Max"", ""AVG"", ""Std"", ""Tot size"", ""IAT"", ""Number"", ""Variance""]",utf-8,3.135253
DDoS-TCP_Flood/DDoS-TCP_Flood13.pcap.csv,DDoS-TCP_Flood13.pcap.csv,.csv,50190203,47.865108,0.046743,16e34b1d6e4dc32488d8f28a67e1bb7575057bf1437529da91af514b18ce0c15,CSV,268365.0,39.0,"[""Header_Length"", ""Protocol Type"", ""Time_To_Live"", ""Rate"", ""fin_flag_number"", ""syn_flag_number"", ""rst_flag_number"", ""psh_flag_number"", ""ack_flag_number"", ""ece_flag_number"", ""cwr_flag_number"", ""ack_count"", ""syn_count"", ""fin_count"", ""rst_count"", ""HTTP"", ""HTTPS"", ""DNS"", ""Telnet"", ""SMTP"", ""SSH"", ""IRC"", ""TCP"", ""UDP"", ""DHCP"", ""ARP"", ""ICMP"", ""IGMP"", ""IPv"", ""LLC"", ""Tot sum"", ""Min"", ""Max"", ""AVG"", ""Std"", ""Tot size"", ""IAT"", ""Number"", ""Variance""]",utf-8,3.794601
DDoS-TCP_Flood/DDoS-TCP_Flood14.pcap.csv,DDoS-TCP_Flood14.pcap.csv,.csv,49762919,47.457618,0.046345,199a61847e1a9bcfd7219c02c741b2bcc1c0866541c249560c6262f766c37c8b,CSV,265920.0,39.0,"[""Header_Length"", ""Protocol Type"", ""Time_To_Live"", ""Rate"", ""fin_flag_number"", ""syn_flag_number"", ""rst_flag_number"", ""psh_flag_number"", ""ack_flag_number"", ""ece_flag_number"", ""cwr_flag_number"", ""ack_count"", ""syn_count"", ""fin_count"", ""rst_count"", ""HTTP"", ""HTTPS"", ""DNS"", ""Telnet"", ""SMTP"", ""SSH"", ""IRC"", ""TCP"", ""UDP"", ""DHCP"", ""ARP"", ""ICMP"", ""IGMP"", ""IPv"", ""LLC"", ""Tot sum"", ""Min"", ""Max"", ""AVG"", ""Std"", ""Tot size"", ""IAT"", ""Number"", ""Variance""]",utf-8,2.984562
DDoS-TCP_Flood/DDoS-TCP_Flood15.pcap.csv,DDoS-TCP_Flood15.pcap.csv,.csv,50166316,47.842327,0.046721,9d7e6f4744f54df1bdb4113cdb24cd63cd12d823d96732379ba65d66ab3e7944,CSV,267289.0,39.0,"[""Header_Length"", ""Protocol Type"", ""Time_To_Live"", ""Rate"", ""fin_flag_number"", ""syn_flag_number"", ""rst_flag_number"", ""psh_flag_number"", ""ack_flag_number"", ""ece_flag_number"", ""cwr_flag_number"", ""ack_count"", ""syn_count"", ""fin_count"", ""rst_count"", ""HTTP"", ""HTTPS"", ""DNS"", ""Telnet"", ""SMTP"", ""SSH"", ""IRC"", ""TCP"", ""UDP"", ""DHCP"", ""ARP"", ""ICMP"", ""IGMP"", ""IPv"", ""LLC"", ""Tot sum"", ""Min"", ""Max"", ""AVG"", ""Std"", ""Tot size"", ""IAT"", ""Number"", ""Variance""]",utf-8,3.892499
DDoS-TCP_Flood/DDoS-TCP_Flood16.pcap.csv,DDoS-TCP_Flood16.pcap.csv,.csv,50291457,47.961671,0.046838,24bde1d96b809f0cf7935b3d997a86113fa6529addbd567c0d556eb402f3248d,CSV,267718.0,39.0,"[""Header_Length"", ""Protocol Type"", ""Time_To_Live"", ""Rate"", ""fin_flag_number"", ""syn_flag_number"", ""rst_flag_number"", ""psh_flag_number"", ""ack_flag_number"", ""ece_flag_number"", ""cwr_flag_number"", ""ack_count"", ""syn_count"", ""fin_count"", ""rst_count"", ""HTTP"", ""HTTPS"", ""DNS"", ""Telnet"", ""SMTP"", ""SSH"", ""IRC"", ""TCP"", ""UDP"", ""DHCP"", ""ARP"", ""ICMP"", ""IGMP"", ""IPv"", ""LLC"", ""Tot sum"", ""Min"", ""Max"", ""AVG"", ""Std"", ""Tot size"", ""IAT"", ""Number"", ""Variance""]",utf-8,4.128562
DDoS-TCP_Flood/DDoS-TCP_Flood17.pcap.csv,DDoS-TCP_Flood17.pcap.csv,.csv,17415966,16.609159,0.01622,a7359e4696fa8f88400688adf4171e9d030060fe5a3fb129b7529ea990d8548f,CSV,92792.0,39.0,"[""Header_Length"", ""Protocol Type"", ""Time_To_Live"", ""Rate"", ""fin_flag_number"", ""syn_flag_number"", ""rst_flag_number"", ""psh_flag_number"", ""ack_flag_number"", ""ece_flag_number"", ""cwr_flag_number"", ""ack_count"", ""syn_count"", ""fin_count"", ""rst_count"", ""HTTP"", ""HTTPS"", ""DNS"", ""Telnet"", ""SMTP"", ""SSH"", ""IRC"", ""TCP"", ""UDP"", ""DHCP"", ""ARP"", ""ICMP"", ""IGMP"", ""IPv"", ""LLC"", ""Tot sum"", ""Min"", ""Max"", ""AVG"", ""Std"", ""Tot size"", ""IAT"", ""Number"", ""Variance""]",utf-8,1.362373
DDoS-TCP_Flood/DDoS-TCP_Flood2.pcap.csv,DDoS-TCP_Flood2.pcap.csv,.csv,49969827,47.654941,0.046538,adf4d7bb3bd357a321dec39f2fb1bca92ed88bbd9aee5ee9fc92ae8935457742,CSV,268248.0,39.0,"[""Header_Length"", ""Protocol Type"", ""Time_To_Live"", ""Rate"", ""fin_flag_number"", ""syn_flag_number"", ""rst_flag_number"", ""psh_flag_number"", ""ack_flag_number"", ""ece_flag_number"", ""cwr_flag_number"", ""ack_count"", ""syn_count"", ""fin_count"", ""rst_count"", ""HTTP"", ""HTTPS"", ""DNS"", ""Telnet"", ""SMTP"", ""SSH"", ""IRC"", ""TCP"", ""UDP"", ""DHCP"", ""ARP"", ""ICMP"", ""IGMP"", ""IPv"", ""LLC"", ""Tot sum"", ""Min"", ""Max"", ""AVG"", ""Std"", ""Tot size"", ""IAT"", ""Number"", ""Variance""]",utf-8,4.442229
DDoS-TCP_Flood/DDoS-TCP_Flood3.pcap.csv,DDoS-TCP_Flood3.pcap.csv,.csv,50156811,47.833262,0.046712,2fd2174524493081a6c51b4e696e07c81cbfa3b57edcbee3e1b6d99108937325,CSV,267384.0,39.0,"[""Header_Length"", ""Protocol Type"", ""Time_To_Live"", ""Rate"", ""fin_flag_number"", ""syn_flag_number"", ""rst_flag_number"", ""psh_flag_number"", ""ack_flag_number"", ""ece_flag_number"", ""cwr_flag_number"", ""ack_count"", ""syn_count"", ""fin_count"", ""rst_count"", ""HTTP"", ""HTTPS"", ""DNS"", ""Telnet"", ""SMTP"", ""SSH"", ""IRC"", ""TCP"", ""UDP"", ""DHCP"", ""ARP"", ""ICMP"", ""IGMP"", ""IPv"", ""LLC"", ""Tot sum"", ""Min"", ""Max"", ""AVG"", ""Std"", ""Tot size"", ""IAT"", ""Number"", ""Variance""]",utf-8,9.439785
DDoS-TCP_Flood/DDoS-TCP_Flood4.pcap.csv,DDoS-TCP_Flood4.pcap.csv,.csv,37236055,35.511069,0.034679,5d9f82c1b61baa20942e6246e400d481c2b0a53db0a269277176bdae3339d664,CSV,196253.0,39.0,"[""Header_Length"", ""Protocol Type"", ""Time_To_Live"", ""Rate"", ""fin_flag_number"", ""syn_flag_number"", ""rst_flag_number"", ""psh_flag_number"", ""ack_flag_number"", ""ece_flag_number"", ""cwr_flag_number"", ""ack_count"", ""syn_count"", ""fin_count"", ""rst_count"", ""HTTP"", ""HTTPS"", ""DNS"", ""Telnet"", ""SMTP"", ""SSH"", ""IRC"", ""TCP"", ""UDP"", ""DHCP"", ""ARP"", ""ICMP"", ""IGMP"", ""IPv"", ""LLC"", ""Tot sum"", ""Min"", ""Max"", ""AVG"", ""Std"", ""Tot size"", ""IAT"", ""Number"", ""Variance""]",utf-8,5.025726
DDoS-TCP_Flood/DDoS-TCP_Flood5.pcap.csv,DDoS-TCP_Flood5.pcap.csv,.csv,40739425,38.852143,0.037942,4197e550fd469b42629f2d6a3a35993933dcb018f4fa5f6675e5f5310991efba,CSV,215399.0,39.0,"[""Header_Length"", ""Protocol Type"", ""Time_To_Live"", ""Rate"", ""fin_flag_number"", ""syn_flag_number"", ""rst_flag_number"", ""psh_flag_number"", ""ack_flag_number"", ""ece_flag_number"", ""cwr_flag_number"", ""ack_count"", ""syn_count"", ""fin_count"", ""rst_count"", ""HTTP"", ""HTTPS"", ""DNS"", ""Telnet"", ""SMTP"", ""SSH"", ""IRC"", ""TCP"", ""UDP"", ""DHCP"", ""ARP"", ""ICMP"", ""IGMP"", ""IPv"", ""LLC"", ""Tot sum"", ""Min"", ""Max"", ""AVG"", ""Std"", ""Tot size"", ""IAT"", ""Number"", ""Variance""]",utf-8,2.821199
DDoS-TCP_Flood/DDoS-TCP_Flood6.pcap.csv,DDoS-TCP_Flood6.pcap.csv,.csv,49392507,47.104365,0.046,772b7fd50018fdf5bad20f915a33d0f0b517f00a0b3a24d382baaebd92f7b0cc,CSV,262386.0,39.0,"[""Header_Length"", ""Protocol Type"", ""Time_To_Live"", ""Rate"", ""fin_flag_number"", ""syn_flag_number"", ""rst_flag_number"", ""psh_flag_number"", ""ack_flag_number"", ""ece_flag_number"", ""cwr_flag_number"", ""ack_count"", ""syn_count"", ""fin_count"", ""rst_count"", ""HTTP"", ""HTTPS"", ""DNS"", ""Telnet"", ""SMTP"", ""SSH"", ""IRC"", ""TCP"", ""UDP"", ""DHCP"", ""ARP"", ""ICMP"", ""IGMP"", ""IPv"", ""LLC"", ""Tot sum"", ""Min"", ""Max"", ""AVG"", ""Std"", ""Tot size"", ""IAT"", ""Number"", ""Variance""]",utf-8,3.623808
DDoS-TCP_Flood/DDoS-TCP_Flood7.pcap.csv,DDoS-TCP_Flood7.pcap.csv,.csv,50308010,47.977457,0.046853,e9d082910865a32530f1aebae83fbea56e1c0e8993715c2935e99196321aafdd,CSV,267755.0,39.0,"[""Header_Length"", ""Protocol Type"", ""Time_To_Live"", ""Rate"", ""fin_flag_number"", ""syn_flag_number"", ""rst_flag_number"", ""psh_flag_number"", ""ack_flag_number"", ""ece_flag_number"", ""cwr_flag_number"", ""ack_count"", ""syn_count"", ""fin_count"", ""rst_count"", ""HTTP"", ""HTTPS"", ""DNS"", ""Telnet"", ""SMTP"", ""SSH"", ""IRC"", ""TCP"", ""UDP"", ""DHCP"", ""ARP"", ""ICMP"", ""IGMP"", ""IPv"", ""LLC"", ""Tot sum"", ""Min"", ""Max"", ""AVG"", ""Std"", ""Tot size"", ""IAT"", ""Number"", ""Variance""]",utf-8,3.021512
DDoS-TCP_Flood/DDoS-TCP_Flood8.pcap.csv,DDoS-TCP_Flood8.pcap.csv,.csv,50166032,47.842056,0.046721,e0e30380a138ec35bb3257c3efba1a3a9fa6ad10c79b6ac1691af504fc9fd8bf,CSV,267999.0,39.0,"[""Header_Length"", ""Protocol Type"", ""Time_To_Live"", ""Rate"", ""fin_flag_number"", ""syn_flag_number"", ""rst_flag_number"", ""psh_flag_number"", ""ack_flag_number"", ""ece_flag_number"", ""cwr_flag_number"", ""ack_count"", ""syn_count"", ""fin_count"", ""rst_count"", ""HTTP"", ""HTTPS"", ""DNS"", ""Telnet"", ""SMTP"", ""SSH"", ""IRC"", ""TCP"", ""UDP"", ""DHCP"", ""ARP"", ""ICMP"", ""IGMP"", ""IPv"", ""LLC"", ""Tot sum"", ""Min"", ""Max"", ""AVG"", ""Std"", ""Tot size"", ""IAT"", ""Number"", ""Variance""]",utf-8,2.174551
DDoS-TCP_Flood/DDoS-TCP_Flood9.pcap.csv,DDoS-TCP_Flood9.pcap.csv,.csv,49858930,47.549181,0.046435,c556dcb7b1f30ada87ba232ee5de9f8c1d231ae60f9dc48f8500c63cc69b1c62,CSV,264469.0,39.0,"[""Header_Length"", ""Protocol Type"", ""Time_To_Live"", ""Rate"", ""fin_flag_number"", ""syn_flag_number"", ""rst_flag_number"", ""psh_flag_number"", ""ack_flag_number"", ""ece_flag_number"", ""cwr_flag_number"", ""ack_count"", ""syn_count"", ""fin_count"", ""rst_count"", ""HTTP"", ""HTTPS"", ""DNS"", ""Telnet"", ""SMTP"", ""SSH"", ""IRC"", ""TCP"", ""UDP"", ""DHCP"", ""ARP"", ""ICMP"", ""IGMP"", ""IPv"", ""LLC"", ""Tot sum"", ""Min"", ""Max"", ""AVG"", ""Std"", ""Tot size"", ""IAT"", ""Number"", ""Variance""]",utf-8,3.370295
DDoS-UDP_Flood/DDoS-UDP_Flood.pcap.csv,DDoS-UDP_Flood.pcap.csv,.csv,50078606,47.75868,0.046639,792f50c66708aed502d55eb5cc070567ee8d354c2728ab9922aa2c7ff53cabd3,CSV,266605.0,39.0,"[""Header_Length"", ""Protocol Type"", ""Time_To_Live"", ""Rate"", ""fin_flag_number"", ""syn_flag_number"", ""rst_flag_number"", ""psh_flag_number"", ""ack_flag_number"", ""ece_flag_number"", ""cwr_flag_number"", ""ack_count"", ""syn_count"", ""fin_count"", ""rst_count"", ""HTTP"", ""HTTPS"", ""DNS"", ""Telnet"", ""SMTP"", ""SSH"", ""IRC"", ""TCP"", ""UDP"", ""DHCP"", ""ARP"", ""ICMP"", ""IGMP"", ""IPv"", ""LLC"", ""Tot sum"", ""Min"", ""Max"", ""AVG"", ""Std"", ""Tot size"", ""IAT"", ""Number"", ""Variance""]",utf-8,1.828179
DDoS-UDP_Flood/DDoS-UDP_Flood1.pcap.csv,DDoS-UDP_Flood1.pcap.csv,.csv,50050717,47.732083,0.046613,ced53d2b2b8aa1ea359a37cabcf3ce295081ca81847f23e139fb64ccf1d4ba29,CSV,266848.0,39.0,"[""Header_Length"", ""Protocol Type"", ""Time_To_Live"", ""Rate"", ""fin_flag_number"", ""syn_flag_number"", ""rst_flag_number"", ""psh_flag_number"", ""ack_flag_number"", ""ece_flag_number"", ""cwr_flag_number"", ""ack_count"", ""syn_count"", ""fin_count"", ""rst_count"", ""HTTP"", ""HTTPS"", ""DNS"", ""Telnet"", ""SMTP"", ""SSH"", ""IRC"", ""TCP"", ""UDP"", ""DHCP"", ""ARP"", ""ICMP"", ""IGMP"", ""IPv"", ""LLC"", ""Tot sum"", ""Min"", ""Max"", ""AVG"", ""Std"", ""Tot size"", ""IAT"", ""Number"", ""Variance""]",utf-8,2.749593
DDoS-UDP_Flood/DDoS-UDP_Flood10.pcap.csv,DDoS-UDP_Flood10.pcap.csv,.csv,49931523,47.618411,0.046502,a7bec3972c91e662291dd39de3851fe99a00acc4544e4f0a6ea8eb66900ec295,CSV,261898.0,39.0,"[""Header_Length"", ""Protocol Type"", ""Time_To_Live"", ""Rate"", ""fin_flag_number"", ""syn_flag_number"", ""rst_flag_number"", ""psh_flag_number"", ""ack_flag_number"", ""ece_flag_number"", ""cwr_flag_number"", ""ack_count"", ""syn_count"", ""fin_count"", ""rst_count"", ""HTTP"", ""HTTPS"", ""DNS"", ""Telnet"", ""SMTP"", ""SSH"", ""IRC"", ""TCP"", ""UDP"", ""DHCP"", ""ARP"", ""ICMP"", ""IGMP"", ""IPv"", ""LLC"", ""Tot sum"", ""Min"", ""Max"", ""AVG"", ""Std"", ""Tot size"", ""IAT"", ""Number"", ""Variance""]",utf-8,1.924926
DDoS-UDP_Flood/DDoS-UDP_Flood11.pcap.csv,DDoS-UDP_Flood11.pcap.csv,.csv,50330292,47.998707,0.046874,4e3e06735c922752c1251d58b725bdc073466d470d7931218d0fe05bbb24d025,CSV,266080.0,39.0,"[""Header_Length"", ""Protocol Type"", ""Time_To_Live"", ""Rate"", ""fin_flag_number"", ""syn_flag_number"", ""rst_flag_number"", ""psh_flag_number"", ""ack_flag_number"", ""ece_flag_number"", ""cwr_flag_number"", ""ack_count"", ""syn_count"", ""fin_count"", ""rst_count"", ""HTTP"", ""HTTPS"", ""DNS"", ""Telnet"", ""SMTP"", ""SSH"", ""IRC"", ""TCP"", ""UDP"", ""DHCP"", ""ARP"", ""ICMP"", ""IGMP"", ""IPv"", ""LLC"", ""Tot sum"", ""Min"", ""Max"", ""AVG"", ""Std"", ""Tot size"", ""IAT"", ""Number"", ""Variance""]",utf-8,2.566164
DDoS-UDP_Flood/DDoS-UDP_Flood12.pcap.csv,DDoS-UDP_Flood12.pcap.csv,.csv,50059443,47.740405,0.046621,70aa2a644ddfc952db0c116bb522cb8cfe1143efd565a21675a275883fcb6c0d,CSV,265580.0,39.0,"[""Header_Length"", ""Protocol Type"", ""Time_To_Live"", ""Rate"", ""fin_flag_number"", ""syn_flag_number"", ""rst_flag_number"", ""psh_flag_number"", ""ack_flag_number"", ""ece_flag_number"", ""cwr_flag_number"", ""ack_count"", ""syn_count"", ""fin_count"", ""rst_count"", ""HTTP"", ""HTTPS"", ""DNS"", ""Telnet"", ""SMTP"", ""SSH"", ""IRC"", ""TCP"", ""UDP"", ""DHCP"", ""ARP"", ""ICMP"", ""IGMP"", ""IPv"", ""LLC"", ""Tot sum"", ""Min"", ""Max"", ""AVG"", ""Std"", ""Tot size"", ""IAT"", ""Number"", ""Variance""]",utf-8,1.798172
DDoS-UDP_Flood/DDoS-UDP_Flood13.pcap.csv,DDoS-UDP_Flood13.pcap.csv,.csv,50174989,47.850598,0.046729,e525b009674f96ef5da8f87137ee1f54dc9a7c150777b0a7bf41905e1e612008,CSV,267714.0,39.0,"[""Header_Length"", ""Protocol Type"", ""Time_To_Live"", ""Rate"", ""fin_flag_number"", ""syn_flag_number"", ""rst_flag_number"", ""psh_flag_number"", ""ack_flag_number"", ""ece_flag_number"", ""cwr_flag_number"", ""ack_count"", ""syn_count"", ""fin_count"", ""rst_count"", ""HTTP"", ""HTTPS"", ""DNS"", ""Telnet"", ""SMTP"", ""SSH"", ""IRC"", ""TCP"", ""UDP"", ""DHCP"", ""ARP"", ""ICMP"", ""IGMP"", ""IPv"", ""LLC"", ""Tot sum"", ""Min"", ""Max"", ""AVG"", ""Std"", ""Tot size"", ""IAT"", ""Number"", ""Variance""]",utf-8,3.558828
DDoS-UDP_Flood/DDoS-UDP_Flood14.pcap.csv,DDoS-UDP_Flood14.pcap.csv,.csv,50665381,48.318273,0.047186,25eb043575c0ccbc0868895ec57c2e0da0445a49d3f858fc2c3b4c98b8e717d2,CSV,268391.0,39.0,"[""Header_Length"", ""Protocol Type"", ""Time_To_Live"", ""Rate"", ""fin_flag_number"", ""syn_flag_number"", ""rst_flag_number"", ""psh_flag_number"", ""ack_flag_number"", ""ece_flag_number"", ""cwr_flag_number"", ""ack_count"", ""syn_count"", ""fin_count"", ""rst_count"", ""HTTP"", ""HTTPS"", ""DNS"", ""Telnet"", ""SMTP"", ""SSH"", ""IRC"", ""TCP"", ""UDP"", ""DHCP"", ""ARP"", ""ICMP"", ""IGMP"", ""IPv"", ""LLC"", ""Tot sum"", ""Min"", ""Max"", ""AVG"", ""Std"", ""Tot size"", ""IAT"", ""Number"", ""Variance""]",utf-8,2.575148
DDoS-UDP_Flood/DDoS-UDP_Flood15.pcap.csv,DDoS-UDP_Flood15.pcap.csv,.csv,50126206,47.804075,0.046684,7fda12b4bca7941dc4471a138b290ad75193e346eaae786b36a9e2c293f23f97,CSV,266491.0,39.0,"[""Header_Length"", ""Protocol Type"", ""Time_To_Live"", ""Rate"", ""fin_flag_number"", ""syn_flag_number"", ""rst_flag_number"", ""psh_flag_number"", ""ack_flag_number"", ""ece_flag_number"", ""cwr_flag_number"", ""ack_count"", ""syn_count"", ""fin_count"", ""rst_count"", ""HTTP"", ""HTTPS"", ""DNS"", ""Telnet"", ""SMTP"", ""SSH"", ""IRC"", ""TCP"", ""UDP"", ""DHCP"", ""ARP"", ""ICMP"", ""IGMP"", ""IPv"", ""LLC"", ""Tot sum"", ""Min"", ""Max"", ""AVG"", ""Std"", ""Tot size"", ""IAT"", ""Number"", ""Variance""]",utf-8,3.366948
DDoS-UDP_Flood/DDoS-UDP_Flood16.pcap.csv,DDoS-UDP_Flood16.pcap.csv,.csv,50246975,47.91925,0.046796,36b8e5795bba7ab103ad25015abde2e88335ef889389b67f3add3b6b8c99b51e,CSV,267262.0,39.0,"[""Header_Length"", ""Protocol Type"", ""Time_To_Live"", ""Rate"", ""fin_flag_number"", ""syn_flag_number"", ""rst_flag_number"", ""psh_flag_number"", ""ack_flag_number"", ""ece_flag_number"", ""cwr_flag_number"", ""ack_count"", ""syn_count"", ""fin_count"", ""rst_count"", ""HTTP"", ""HTTPS"", ""DNS"", ""Telnet"", ""SMTP"", ""SSH"", ""IRC"", ""TCP"", ""UDP"", ""DHCP"", ""ARP"", ""ICMP"", ""IGMP"", ""IPv"", ""LLC"", ""Tot sum"", ""Min"", ""Max"", ""AVG"", ""Std"", ""Tot size"", ""IAT"", ""Number"", ""Variance""]",utf-8,1.951899
DDoS-UDP_Flood/DDoS-UDP_Flood17.pcap.csv,DDoS-UDP_Flood17.pcap.csv,.csv,50005983,47.689422,0.046572,81b81202862797d8648dfbde3c8c66cfe7714c19ae0f7ab0ab60cb2768871097,CSV,266050.0,39.0,"[""Header_Length"", ""Protocol Type"", ""Time_To_Live"", ""Rate"", ""fin_flag_number"", ""syn_flag_number"", ""rst_flag_number"", ""psh_flag_number"", ""ack_flag_number"", ""ece_flag_number"", ""cwr_flag_number"", ""ack_count"", ""syn_count"", ""fin_count"", ""rst_count"", ""HTTP"", ""HTTPS"", ""DNS"", ""Telnet"", ""SMTP"", ""SSH"", ""IRC"", ""TCP"", ""UDP"", ""DHCP"", ""ARP"", ""ICMP"", ""IGMP"", ""IPv"", ""LLC"", ""Tot sum"", ""Min"", ""Max"", ""AVG"", ""Std"", ""Tot size"", ""IAT"", ""Number"", ""Variance""]",utf-8,3.448801
DDoS-UDP_Flood/DDoS-UDP_Flood18.pcap.csv,DDoS-UDP_Flood18.pcap.csv,.csv,50262306,47.93387,0.04681,409cfd784095a56fd65bf55c93bc2f841ffa5cf4703e117745e841fffe01922d,CSV,266620.0,39.0,"[""Header_Length"", ""Protocol Type"", ""Time_To_Live"", ""Rate"", ""fin_flag_number"", ""syn_flag_number"", ""rst_flag_number"", ""psh_flag_number"", ""ack_flag_number"", ""ece_flag_number"", ""cwr_flag_number"", ""ack_count"", ""syn_count"", ""fin_count"", ""rst_count"", ""HTTP"", ""HTTPS"", ""DNS"", ""Telnet"", ""SMTP"", ""SSH"", ""IRC"", ""TCP"", ""UDP"", ""DHCP"", ""ARP"", ""ICMP"", ""IGMP"", ""IPv"", ""LLC"", ""Tot sum"", ""Min"", ""Max"", ""AVG"", ""Std"", ""Tot size"", ""IAT"", ""Number"", ""Variance""]",utf-8,2.825005
DDoS-UDP_Flood/DDoS-UDP_Flood19.pcap.csv,DDoS-UDP_Flood19.pcap.csv,.csv,50157093,47.833531,0.046712,41ecb9e5167357fab5acd4d218f300d3efadf7455d5753efb7550d9c673f167a,CSV,267985.0,39.0,"[""Header_Length"", ""Protocol Type"", ""Time_To_Live"", ""Rate"", ""fin_flag_number"", ""syn_flag_number"", ""rst_flag_number"", ""psh_flag_number"", ""ack_flag_number"", ""ece_flag_number"", ""cwr_flag_number"", ""ack_count"", ""syn_count"", ""fin_count"", ""rst_count"", ""HTTP"", ""HTTPS"", ""DNS"", ""Telnet"", ""SMTP"", ""SSH"", ""IRC"", ""TCP"", ""UDP"", ""DHCP"", ""ARP"", ""ICMP"", ""IGMP"", ""IPv"", ""LLC"", ""Tot sum"", ""Min"", ""Max"", ""AVG"", ""Std"", ""Tot size"", ""IAT"", ""Number"", ""Variance""]",utf-8,1.923738
DDoS-UDP_Flood/DDoS-UDP_Flood2.pcap.csv,DDoS-UDP_Flood2.pcap.csv,.csv,50157205,47.833638,0.046713,32fdbd7f89d4d43738ab76915f1c726a3b908abf11752d0bff5cc96e00f0b73d,CSV,265667.0,39.0,"[""Header_Length"", ""Protocol Type"", ""Time_To_Live"", ""Rate"", ""fin_flag_number"", ""syn_flag_number"", ""rst_flag_number"", ""psh_flag_number"", ""ack_flag_number"", ""ece_flag_number"", ""cwr_flag_number"", ""ack_count"", ""syn_count"", ""fin_count"", ""rst_count"", ""HTTP"", ""HTTPS"", ""DNS"", ""Telnet"", ""SMTP"", ""SSH"", ""IRC"", ""TCP"", ""UDP"", ""DHCP"", ""ARP"", ""ICMP"", ""IGMP"", ""IPv"", ""LLC"", ""Tot sum"", ""Min"", ""Max"", ""AVG"", ""Std"", ""Tot size"", ""IAT"", ""Number"", ""Variance""]",utf-8,1.840961
DDoS-UDP_Flood/DDoS-UDP_Flood20.pcap.csv,DDoS-UDP_Flood20.pcap.csv,.csv,14617665,13.940492,0.013614,3f641437c35916410475a49cc9e0f7f2213bd6a459cad0c86ef0d08f16457a57,CSV,79331.0,39.0,"[""Header_Length"", ""Protocol Type"", ""Time_To_Live"", ""Rate"", ""fin_flag_number"", ""syn_flag_number"", ""rst_flag_number"", ""psh_flag_number"", ""ack_flag_number"", ""ece_flag_number"", ""cwr_flag_number"", ""ack_count"", ""syn_count"", ""fin_count"", ""rst_count"", ""HTTP"", ""HTTPS"", ""DNS"", ""Telnet"", ""SMTP"", ""SSH"", ""IRC"", ""TCP"", ""UDP"", ""DHCP"", ""ARP"", ""ICMP"", ""IGMP"", ""IPv"", ""LLC"", ""Tot sum"", ""Min"", ""Max"", ""AVG"", ""Std"", ""Tot size"", ""IAT"", ""Number"", ""Variance""]",utf-8,1.634501
DDoS-UDP_Flood/DDoS-UDP_Flood3.pcap.csv,DDoS-UDP_Flood3.pcap.csv,.csv,50333116,48.0014,0.046876,bf1fa798940f710f088abcd2131124f411835928fd5b302505acfcbb73b44481,CSV,267399.0,39.0,"[""Header_Length"", ""Protocol Type"", ""Time_To_Live"", ""Rate"", ""fin_flag_number"", ""syn_flag_number"", ""rst_flag_number"", ""psh_flag_number"", ""ack_flag_number"", ""ece_flag_number"", ""cwr_flag_number"", ""ack_count"", ""syn_count"", ""fin_count"", ""rst_count"", ""HTTP"", ""HTTPS"", ""DNS"", ""Telnet"", ""SMTP"", ""SSH"", ""IRC"", ""TCP"", ""UDP"", ""DHCP"", ""ARP"", ""ICMP"", ""IGMP"", ""IPv"", ""LLC"", ""Tot sum"", ""Min"", ""Max"", ""AVG"", ""Std"", ""Tot size"", ""IAT"", ""Number"", ""Variance""]",utf-8,2.863116
DDoS-UDP_Flood/DDoS-UDP_Flood4.pcap.csv,DDoS-UDP_Flood4.pcap.csv,.csv,49939911,47.62641,0.04651,94b58897b195bb743c6842f7f9d7977e041ef19a5c5709d0d1036aaec3ce479f,CSV,266899.0,39.0,"[""Header_Length"", ""Protocol Type"", ""Time_To_Live"", ""Rate"", ""fin_flag_number"", ""syn_flag_number"", ""rst_flag_number"", ""psh_flag_number"", ""ack_flag_number"", ""ece_flag_number"", ""cwr_flag_number"", ""ack_count"", ""syn_count"", ""fin_count"", ""rst_count"", ""HTTP"", ""HTTPS"", ""DNS"", ""Telnet"", ""SMTP"", ""SSH"", ""IRC"", ""TCP"", ""UDP"", ""DHCP"", ""ARP"", ""ICMP"", ""IGMP"", ""IPv"", ""LLC"", ""Tot sum"", ""Min"", ""Max"", ""AVG"", ""Std"", ""Tot size"", ""IAT"", ""Number"", ""Variance""]",utf-8,2.844259
DDoS-UDP_Flood/DDoS-UDP_Flood5.pcap.csv,DDoS-UDP_Flood5.pcap.csv,.csv,51930721,49.524995,0.048364,5a823dc41bd94d1fc35b64d39846e0c8243b2ab935a746c2b0e0a189ff6e7069,CSV,267530.0,39.0,"[""Header_Length"", ""Protocol Type"", ""Time_To_Live"", ""Rate"", ""fin_flag_number"", ""syn_flag_number"", ""rst_flag_number"", ""psh_flag_number"", ""ack_flag_number"", ""ece_flag_number"", ""cwr_flag_number"", ""ack_count"", ""syn_count"", ""fin_count"", ""rst_count"", ""HTTP"", ""HTTPS"", ""DNS"", ""Telnet"", ""SMTP"", ""SSH"", ""IRC"", ""TCP"", ""UDP"", ""DHCP"", ""ARP"", ""ICMP"", ""IGMP"", ""IPv"", ""LLC"", ""Tot sum"", ""Min"", ""Max"", ""AVG"", ""Std"", ""Tot size"", ""IAT"", ""Number"", ""Variance""]",utf-8,1.873973
DDoS-UDP_Flood/DDoS-UDP_Flood6.pcap.csv,DDoS-UDP_Flood6.pcap.csv,.csv,51470254,49.085859,0.047935,ca108d85779d2be4e24ab87824779b64c1a27090b78f1457f1b4b61304064a6f,CSV,265495.0,39.0,"[""Header_Length"", ""Protocol Type"", ""Time_To_Live"", ""Rate"", ""fin_flag_number"", ""syn_flag_number"", ""rst_flag_number"", ""psh_flag_number"", ""ack_flag_number"", ""ece_flag_number"", ""cwr_flag_number"", ""ack_count"", ""syn_count"", ""fin_count"", ""rst_count"", ""HTTP"", ""HTTPS"", ""DNS"", ""Telnet"", ""SMTP"", ""SSH"", ""IRC"", ""TCP"", ""UDP"", ""DHCP"", ""ARP"", ""ICMP"", ""IGMP"", ""IPv"", ""LLC"", ""Tot sum"", ""Min"", ""Max"", ""AVG"", ""Std"", ""Tot size"", ""IAT"", ""Number"", ""Variance""]",utf-8,2.361487
DDoS-UDP_Flood/DDoS-UDP_Flood7.pcap.csv,DDoS-UDP_Flood7.pcap.csv,.csv,51907641,49.502984,0.048343,9bf35e22b496942a95eca57284ce684ae0baf1c5ebb93a2b1f895d3c2c1e42c8,CSV,268374.0,39.0,"[""Header_Length"", ""Protocol Type"", ""Time_To_Live"", ""Rate"", ""fin_flag_number"", ""syn_flag_number"", ""rst_flag_number"", ""psh_flag_number"", ""ack_flag_number"", ""ece_flag_number"", ""cwr_flag_number"", ""ack_count"", ""syn_count"", ""fin_count"", ""rst_count"", ""HTTP"", ""HTTPS"", ""DNS"", ""Telnet"", ""SMTP"", ""SSH"", ""IRC"", ""TCP"", ""UDP"", ""DHCP"", ""ARP"", ""ICMP"", ""IGMP"", ""IPv"", ""LLC"", ""Tot sum"", ""Min"", ""Max"", ""AVG"", ""Std"", ""Tot size"", ""IAT"", ""Number"", ""Variance""]",utf-8,2.331994
DDoS-UDP_Flood/DDoS-UDP_Flood8.pcap.csv,DDoS-UDP_Flood8.pcap.csv,.csv,52049756,49.638515,0.048475,5ef963accc84ac768261e26a0beb7440d357be05cfecbc889ab361c7b7c6ae75,CSV,268068.0,39.0,"[""Header_Length"", ""Protocol Type"", ""Time_To_Live"", ""Rate"", ""fin_flag_number"", ""syn_flag_number"", ""rst_flag_number"", ""psh_flag_number"", ""ack_flag_number"", ""ece_flag_number"", ""cwr_flag_number"", ""ack_count"", ""syn_count"", ""fin_count"", ""rst_count"", ""HTTP"", ""HTTPS"", ""DNS"", ""Telnet"", ""SMTP"", ""SSH"", ""IRC"", ""TCP"", ""UDP"", ""DHCP"", ""ARP"", ""ICMP"", ""IGMP"", ""IPv"", ""LLC"", ""Tot sum"", ""Min"", ""Max"", ""AVG"", ""Std"", ""Tot size"", ""IAT"", ""Number"", ""Variance""]",utf-8,1.866487
DDoS-UDP_Flood/DDoS-UDP_Flood9.pcap.csv,DDoS-UDP_Flood9.pcap.csv,.csv,50495757,48.156507,0.047028,08d5ef948b75a6de50f5b3c52276feeb9f8e139eaefaeec0004830b810a4a140,CSV,265944.0,39.0,"[""Header_Length"", ""Protocol Type"", ""Time_To_Live"", ""Rate"", ""fin_flag_number"", ""syn_flag_number"", ""rst_flag_number"", ""psh_flag_number"", ""ack_flag_number"", ""ece_flag_number"", ""cwr_flag_number"", ""ack_count"", ""syn_count"", ""fin_count"", ""rst_count"", ""HTTP"", ""HTTPS"", ""DNS"", ""Telnet"", ""SMTP"", ""SSH"", ""IRC"", ""TCP"", ""UDP"", ""DHCP"", ""ARP"", ""ICMP"", ""IGMP"", ""IPv"", ""LLC"", ""Tot sum"", ""Min"", ""Max"", ""AVG"", ""Std"", ""Tot size"", ""IAT"", ""Number"", ""Variance""]",utf-8,1.909491
DDoS-UDP_Fragmentation/DDoS-UDP_Fragmentation.pcap.csv,DDoS-UDP_Fragmentation.pcap.csv,.csv,4955669,4.726094,0.004615,bc4347c4746e3f6b980e124e529629de23f5eb0be8939b521fadaf0ef34dbb80,CSV,22542.0,39.0,"[""Header_Length"", ""Protocol Type"", ""Time_To_Live"", ""Rate"", ""fin_flag_number"", ""syn_flag_number"", ""rst_flag_number"", ""psh_flag_number"", ""ack_flag_number"", ""ece_flag_number"", ""cwr_flag_number"", ""ack_count"", ""syn_count"", ""fin_count"", ""rst_count"", ""HTTP"", ""HTTPS"", ""DNS"", ""Telnet"", ""SMTP"", ""SSH"", ""IRC"", ""TCP"", ""UDP"", ""DHCP"", ""ARP"", ""ICMP"", ""IGMP"", ""IPv"", ""LLC"", ""Tot sum"", ""Min"", ""Max"", ""AVG"", ""Std"", ""Tot size"", ""IAT"", ""Number"", ""Variance""]",utf-8,0.383689
DDoS-UDP_Fragmentation/DDoS-UDP_Fragmentation1.pcap.csv,DDoS-UDP_Fragmentation1.pcap.csv,.csv,4940834,4.711946,0.004602,f6b0464b9d35dd78fa944f39d813e506588599eaea7ec3fd810dbfa4573519d7,CSV,22541.0,39.0,"[""Header_Length"", ""Protocol Type"", ""Time_To_Live"", ""Rate"", ""fin_flag_number"", ""syn_flag_number"", ""rst_flag_number"", ""psh_flag_number"", ""ack_flag_number"", ""ece_flag_number"", ""cwr_flag_number"", ""ack_count"", ""syn_count"", ""fin_count"", ""rst_count"", ""HTTP"", ""HTTPS"", ""DNS"", ""Telnet"", ""SMTP"", ""SSH"", ""IRC"", ""TCP"", ""UDP"", ""DHCP"", ""ARP"", ""ICMP"", ""IGMP"", ""IPv"", ""LLC"", ""Tot sum"", ""Min"", ""Max"", ""AVG"", ""Std"", ""Tot size"", ""IAT"", ""Number"", ""Variance""]",utf-8,0.278958
DDoS-UDP_Fragmentation/DDoS-UDP_Fragmentation10.pcap.csv,DDoS-UDP_Fragmentation10.pcap.csv,.csv,4897636,4.67075,0.004561,1b8b2e19f836770d85c5c9b4516603246d30d9eb673ed7a26e457d05fa0339ce,CSV,22361.0,39.0,"[""Header_Length"", ""Protocol Type"", ""Time_To_Live"", ""Rate"", ""fin_flag_number"", ""syn_flag_number"", ""rst_flag_number"", ""psh_flag_number"", ""ack_flag_number"", ""ece_flag_number"", ""cwr_flag_number"", ""ack_count"", ""syn_count"", ""fin_count"", ""rst_count"", ""HTTP"", ""HTTPS"", ""DNS"", ""Telnet"", ""SMTP"", ""SSH"", ""IRC"", ""TCP"", ""UDP"", ""DHCP"", ""ARP"", ""ICMP"", ""IGMP"", ""IPv"", ""LLC"", ""Tot sum"", ""Min"", ""Max"", ""AVG"", ""Std"", ""Tot size"", ""IAT"", ""Number"", ""Variance""]",utf-8,0.351987
DDoS-UDP_Fragmentation/DDoS-UDP_Fragmentation11.pcap.csv,DDoS-UDP_Fragmentation11.pcap.csv,.csv,5027497,4.794595,0.004682,858da552515c2fbcb1a6b1468bb161dc93fb470631e945105b067e7507c87843,CSV,22908.0,39.0,"[""Header_Length"", ""Protocol Type"", ""Time_To_Live"", ""Rate"", ""fin_flag_number"", ""syn_flag_number"", ""rst_flag_number"", ""psh_flag_number"", ""ack_flag_number"", ""ece_flag_number"", ""cwr_flag_number"", ""ack_count"", ""syn_count"", ""fin_count"", ""rst_count"", ""HTTP"", ""HTTPS"", ""DNS"", ""Telnet"", ""SMTP"", ""SSH"", ""IRC"", ""TCP"", ""UDP"", ""DHCP"", ""ARP"", ""ICMP"", ""IGMP"", ""IPv"", ""LLC"", ""Tot sum"", ""Min"", ""Max"", ""AVG"", ""Std"", ""Tot size"", ""IAT"", ""Number"", ""Variance""]",utf-8,0.366385
DDoS-UDP_Fragmentation/DDoS-UDP_Fragmentation12.pcap.csv,DDoS-UDP_Fragmentation12.pcap.csv,.csv,3422745,3.264184,0.003188,dd4106e418d2ad772abbf129aeb57e42e36d34b1360ebed1789e6c9603528382,CSV,15532.0,39.0,"[""Header_Length"", ""Protocol Type"", ""Time_To_Live"", ""Rate"", ""fin_flag_number"", ""syn_flag_number"", ""rst_flag_number"", ""psh_flag_number"", ""ack_flag_number"", ""ece_flag_number"", ""cwr_flag_number"", ""ack_count"", ""syn_count"", ""fin_count"", ""rst_count"", ""HTTP"", ""HTTPS"", ""DNS"", ""Telnet"", ""SMTP"", ""SSH"", ""IRC"", ""TCP"", ""UDP"", ""DHCP"", ""ARP"", ""ICMP"", ""IGMP"", ""IPv"", ""LLC"", ""Tot sum"", ""Min"", ""Max"", ""AVG"", ""Std"", ""Tot size"", ""IAT"", ""Number"", ""Variance""]",utf-8,0.330959
DDoS-UDP_Fragmentation/DDoS-UDP_Fragmentation2.pcap.csv,DDoS-UDP_Fragmentation2.pcap.csv,.csv,4890806,4.664236,0.004555,7dfed1930123c8ee492769131363bc2cddce24b9ef9a3b24336979e5bd9db87d,CSV,22368.0,39.0,"[""Header_Length"", ""Protocol Type"", ""Time_To_Live"", ""Rate"", ""fin_flag_number"", ""syn_flag_number"", ""rst_flag_number"", ""psh_flag_number"", ""ack_flag_number"", ""ece_flag_number"", ""cwr_flag_number"", ""ack_count"", ""syn_count"", ""fin_count"", ""rst_count"", ""HTTP"", ""HTTPS"", ""DNS"", ""Telnet"", ""SMTP"", ""SSH"", ""IRC"", ""TCP"", ""UDP"", ""DHCP"", ""ARP"", ""ICMP"", ""IGMP"", ""IPv"", ""LLC"", ""Tot sum"", ""Min"", ""Max"", ""AVG"", ""Std"", ""Tot size"", ""IAT"", ""Number"", ""Variance""]",utf-8,0.320768
DDoS-UDP_Fragmentation/DDoS-UDP_Fragmentation3.pcap.csv,DDoS-UDP_Fragmentation3.pcap.csv,.csv,5115153,4.87819,0.004764,e520a123a4b0081d88d552a61dafe703971798e5c1c017476586e9f47a3e1e92,CSV,23167.0,39.0,"[""Header_Length"", ""Protocol Type"", ""Time_To_Live"", ""Rate"", ""fin_flag_number"", ""syn_flag_number"", ""rst_flag_number"", ""psh_flag_number"", ""ack_flag_number"", ""ece_flag_number"", ""cwr_flag_number"", ""ack_count"", ""syn_count"", ""fin_count"", ""rst_count"", ""HTTP"", ""HTTPS"", ""DNS"", ""Telnet"", ""SMTP"", ""SSH"", ""IRC"", ""TCP"", ""UDP"", ""DHCP"", ""ARP"", ""ICMP"", ""IGMP"", ""IPv"", ""LLC"", ""Tot sum"", ""Min"", ""Max"", ""AVG"", ""Std"", ""Tot size"", ""IAT"", ""Number"", ""Variance""]",utf-8,0.290321
DDoS-UDP_Fragmentation/DDoS-UDP_Fragmentation4.pcap.csv,DDoS-UDP_Fragmentation4.pcap.csv,.csv,4987718,4.756659,0.004645,5a73b288e9986841f4d9334bca624337ac6d76f08450389e79db2265102828a4,CSV,22715.0,39.0,"[""Header_Length"", ""Protocol Type"", ""Time_To_Live"", ""Rate"", ""fin_flag_number"", ""syn_flag_number"", ""rst_flag_number"", ""psh_flag_number"", ""ack_flag_number"", ""ece_flag_number"", ""cwr_flag_number"", ""ack_count"", ""syn_count"", ""fin_count"", ""rst_count"", ""HTTP"", ""HTTPS"", ""DNS"", ""Telnet"", ""SMTP"", ""SSH"", ""IRC"", ""TCP"", ""UDP"", ""DHCP"", ""ARP"", ""ICMP"", ""IGMP"", ""IPv"", ""LLC"", ""Tot sum"", ""Min"", ""Max"", ""AVG"", ""Std"", ""Tot size"", ""IAT"", ""Number"", ""Variance""]",utf-8,0.194973
DDoS-UDP_Fragmentation/DDoS-UDP_Fragmentation5.pcap.csv,DDoS-UDP_Fragmentation5.pcap.csv,.csv,5110522,4.873774,0.00476,b551118f174f8565781f2a16549df7b1cfbf5fbdf57533e91b8d5a7a405da17d,CSV,23117.0,39.0,"[""Header_Length"", ""Protocol Type"", ""Time_To_Live"", ""Rate"", ""fin_flag_number"", ""syn_flag_number"", ""rst_flag_number"", ""psh_flag_number"", ""ack_flag_number"", ""ece_flag_number"", ""cwr_flag_number"", ""ack_count"", ""syn_count"", ""fin_count"", ""rst_count"", ""HTTP"", ""HTTPS"", ""DNS"", ""Telnet"", ""SMTP"", ""SSH"", ""IRC"", ""TCP"", ""UDP"", ""DHCP"", ""ARP"", ""ICMP"", ""IGMP"", ""IPv"", ""LLC"", ""Tot sum"", ""Min"", ""Max"", ""AVG"", ""Std"", ""Tot size"", ""IAT"", ""Number"", ""Variance""]",utf-8,0.302277
DDoS-UDP_Fragmentation/DDoS-UDP_Fragmentation6.pcap.csv,DDoS-UDP_Fragmentation6.pcap.csv,.csv,4865869,4.640454,0.004532,972b15e1448569e4dd555df78d4d3473b9e0acea7b00e4eeb30660ab69b96e97,CSV,22254.0,39.0,"[""Header_Length"", ""Protocol Type"", ""Time_To_Live"", ""Rate"", ""fin_flag_number"", ""syn_flag_number"", ""rst_flag_number"", ""psh_flag_number"", ""ack_flag_number"", ""ece_flag_number"", ""cwr_flag_number"", ""ack_count"", ""syn_count"", ""fin_count"", ""rst_count"", ""HTTP"", ""HTTPS"", ""DNS"", ""Telnet"", ""SMTP"", ""SSH"", ""IRC"", ""TCP"", ""UDP"", ""DHCP"", ""ARP"", ""ICMP"", ""IGMP"", ""IPv"", ""LLC"", ""Tot sum"", ""Min"", ""Max"", ""AVG"", ""Std"", ""Tot size"", ""IAT"", ""Number"", ""Variance""]",utf-8,0.374092
DDoS-UDP_Fragmentation/DDoS-UDP_Fragmentation7.pcap.csv,DDoS-UDP_Fragmentation7.pcap.csv,.csv,4980427,4.749705,0.004638,b9f8436559b4b6e8c17f421806520faae39f99b77728de8b21dc39c41b5ee1b5,CSV,22669.0,39.0,"[""Header_Length"", ""Protocol Type"", ""Time_To_Live"", ""Rate"", ""fin_flag_number"", ""syn_flag_number"", ""rst_flag_number"", ""psh_flag_number"", ""ack_flag_number"", ""ece_flag_number"", ""cwr_flag_number"", ""ack_count"", ""syn_count"", ""fin_count"", ""rst_count"", ""HTTP"", ""HTTPS"", ""DNS"", ""Telnet"", ""SMTP"", ""SSH"", ""IRC"", ""TCP"", ""UDP"", ""DHCP"", ""ARP"", ""ICMP"", ""IGMP"", ""IPv"", ""LLC"", ""Tot sum"", ""Min"", ""Max"", ""AVG"", ""Std"", ""Tot size"", ""IAT"", ""Number"", ""Variance""]",utf-8,0.297567
DDoS-UDP_Fragmentation/DDoS-UDP_Fragmentation8.pcap.csv,DDoS-UDP_Fragmentation8.pcap.csv,.csv,4963244,4.733318,0.004622,f5b09f1f3de4807cfa32257a80ad89b0994c618f5ec9046f1e7073869fc7af3e,CSV,22630.0,39.0,"[""Header_Length"", ""Protocol Type"", ""Time_To_Live"", ""Rate"", ""fin_flag_number"", ""syn_flag_number"", ""rst_flag_number"", ""psh_flag_number"", ""ack_flag_number"", ""ece_flag_number"", ""cwr_flag_number"", ""ack_count"", ""syn_count"", ""fin_count"", ""rst_count"", ""HTTP"", ""HTTPS"", ""DNS"", ""Telnet"", ""SMTP"", ""SSH"", ""IRC"", ""TCP"", ""UDP"", ""DHCP"", ""ARP"", ""ICMP"", ""IGMP"", ""IPv"", ""LLC"", ""Tot sum"", ""Min"", ""Max"", ""AVG"", ""Std"", ""Tot size"", ""IAT"", ""Number"", ""Variance""]",utf-8,0.243541
DDoS-UDP_Fragmentation/DDoS-UDP_Fragmentation9.pcap.csv,DDoS-UDP_Fragmentation9.pcap.csv,.csv,4825124,4.601597,0.004494,791e3d47e06f483bf2ad83c6138ae4bb911e8f02086313377dd80fedb04b7303,CSV,22121.0,39.0,"[""Header_Length"", ""Protocol Type"", ""Time_To_Live"", ""Rate"", ""fin_flag_number"", ""syn_flag_number"", ""rst_flag_number"", ""psh_flag_number"", ""ack_flag_number"", ""ece_flag_number"", ""cwr_flag_number"", ""ack_count"", ""syn_count"", ""fin_count"", ""rst_count"", ""HTTP"", ""HTTPS"", ""DNS"", ""Telnet"", ""SMTP"", ""SSH"", ""IRC"", ""TCP"", ""UDP"", ""DHCP"", ""ARP"", ""ICMP"", ""IGMP"", ""IPv"", ""LLC"", ""Tot sum"", ""Min"", ""Max"", ""AVG"", ""Std"", ""Tot size"", ""IAT"", ""Number"", ""Variance""]",utf-8,0.302985
DNS_Spoofing/DNS_Spoofing.pcap.csv,DNS_Spoofing.pcap.csv,.csv,36833637,35.127294,0.034304,8658a5914d9fe79754c67547657950db1fc31e8677719b1449726072d3281cc0,CSV,178898.0,39.0,"[""Header_Length"", ""Protocol Type"", ""Time_To_Live"", ""Rate"", ""fin_flag_number"", ""syn_flag_number"", ""rst_flag_number"", ""psh_flag_number"", ""ack_flag_number"", ""ece_flag_number"", ""cwr_flag_number"", ""ack_count"", ""syn_count"", ""fin_count"", ""rst_count"", ""HTTP"", ""HTTPS"", ""DNS"", ""Telnet"", ""SMTP"", ""SSH"", ""IRC"", ""TCP"", ""UDP"", ""DHCP"", ""ARP"", ""ICMP"", ""IGMP"", ""IPv"", ""LLC"", ""Tot sum"", ""Min"", ""Max"", ""AVG"", ""Std"", ""Tot size"", ""IAT"", ""Number"", ""Variance""]",utf-8,1.359916
DictionaryBruteForce/DictionaryBruteForce.pcap.csv,DictionaryBruteForce.pcap.csv,.csv,2704325,2.579045,0.002519,1e632abf212e3fc4c552a60d941a4d89e1db081e10152b857f719bfe38012ab2,CSV,13064.0,39.0,"[""Header_Length"", ""Protocol Type"", ""Time_To_Live"", ""Rate"", ""fin_flag_number"", ""syn_flag_number"", ""rst_flag_number"", ""psh_flag_number"", ""ack_flag_number"", ""ece_flag_number"", ""cwr_flag_number"", ""ack_count"", ""syn_count"", ""fin_count"", ""rst_count"", ""HTTP"", ""HTTPS"", ""DNS"", ""Telnet"", ""SMTP"", ""SSH"", ""IRC"", ""TCP"", ""UDP"", ""DHCP"", ""ARP"", ""ICMP"", ""IGMP"", ""IPv"", ""LLC"", ""Tot sum"", ""Min"", ""Max"", ""AVG"", ""Std"", ""Tot size"", ""IAT"", ""Number"", ""Variance""]",utf-8,0.2497
DoS-HTTP_Flood/DoS-HTTP_Flood.pcap.csv,DoS-HTTP_Flood.pcap.csv,.csv,9039877,8.621099,0.008419,03a482b3045d47ffdc644b7debe843dd96ed8c8fd7af67fbf7a5debef38d86fd,CSV,40686.0,39.0,"[""Header_Length"", ""Protocol Type"", ""Time_To_Live"", ""Rate"", ""fin_flag_number"", ""syn_flag_number"", ""rst_flag_number"", ""psh_flag_number"", ""ack_flag_number"", ""ece_flag_number"", ""cwr_flag_number"", ""ack_count"", ""syn_count"", ""fin_count"", ""rst_count"", ""HTTP"", ""HTTPS"", ""DNS"", ""Telnet"", ""SMTP"", ""SSH"", ""IRC"", ""TCP"", ""UDP"", ""DHCP"", ""ARP"", ""ICMP"", ""IGMP"", ""IPv"", ""LLC"", ""Tot sum"", ""Min"", ""Max"", ""AVG"", ""Std"", ""Tot size"", ""IAT"", ""Number"", ""Variance""]",utf-8,0.433479
DoS-HTTP_Flood/DoS-HTTP_Flood1.pcap.csv,DoS-HTTP_Flood1.pcap.csv,.csv,6883853,6.564954,0.006411,377d3e9a291c023e82f20785a34650e89b2dba3726b710d4e980c0eaf048df25,CSV,31175.0,39.0,"[""Header_Length"", ""Protocol Type"", ""Time_To_Live"", ""Rate"", ""fin_flag_number"", ""syn_flag_number"", ""rst_flag_number"", ""psh_flag_number"", ""ack_flag_number"", ""ece_flag_number"", ""cwr_flag_number"", ""ack_count"", ""syn_count"", ""fin_count"", ""rst_count"", ""HTTP"", ""HTTPS"", ""DNS"", ""Telnet"", ""SMTP"", ""SSH"", ""IRC"", ""TCP"", ""UDP"", ""DHCP"", ""ARP"", ""ICMP"", ""IGMP"", ""IPv"", ""LLC"", ""Tot sum"", ""Min"", ""Max"", ""AVG"", ""Std"", ""Tot size"", ""IAT"", ""Number"", ""Variance""]",utf-8,0.400411
DoS-SYN_Flood/DoS-SYN_Flood.pcap.csv,DoS-SYN_Flood.pcap.csv,.csv,50831729,48.476914,0.047341,0ed60033461a559118213251624749cbc3155f6edb0177e63e7755bd08558f76,CSV,262691.0,39.0,"[""Header_Length"", ""Protocol Type"", ""Time_To_Live"", ""Rate"", ""fin_flag_number"", ""syn_flag_number"", ""rst_flag_number"", ""psh_flag_number"", ""ack_flag_number"", ""ece_flag_number"", ""cwr_flag_number"", ""ack_count"", ""syn_count"", ""fin_count"", ""rst_count"", ""HTTP"", ""HTTPS"", ""DNS"", ""Telnet"", ""SMTP"", ""SSH"", ""IRC"", ""TCP"", ""UDP"", ""DHCP"", ""ARP"", ""ICMP"", ""IGMP"", ""IPv"", ""LLC"", ""Tot sum"", ""Min"", ""Max"", ""AVG"", ""Std"", ""Tot size"", ""IAT"", ""Number"", ""Variance""]",utf-8,2.170349
DoS-SYN_Flood/DoS-SYN_Flood1.pcap.csv,DoS-SYN_Flood1.pcap.csv,.csv,50601684,48.257526,0.047126,292ec6f0548e99a31e7b00daec2f2fe3f8c2f6415a775e38ad4b2c2addd95b6c,CSV,264126.0,39.0,"[""Header_Length"", ""Protocol Type"", ""Time_To_Live"", ""Rate"", ""fin_flag_number"", ""syn_flag_number"", ""rst_flag_number"", ""psh_flag_number"", ""ack_flag_number"", ""ece_flag_number"", ""cwr_flag_number"", ""ack_count"", ""syn_count"", ""fin_count"", ""rst_count"", ""HTTP"", ""HTTPS"", ""DNS"", ""Telnet"", ""SMTP"", ""SSH"", ""IRC"", ""TCP"", ""UDP"", ""DHCP"", ""ARP"", ""ICMP"", ""IGMP"", ""IPv"", ""LLC"", ""Tot sum"", ""Min"", ""Max"", ""AVG"", ""Std"", ""Tot size"", ""IAT"", ""Number"", ""Variance""]",utf-8,1.993047
DoS-SYN_Flood/DoS-SYN_Flood2.pcap.csv,DoS-SYN_Flood2.pcap.csv,.csv,48877980,46.613674,0.045521,d7bdd3eb025da451b16b234d1673b9a8473ae5691472b7f4972168fdee5a4258,CSV,251970.0,39.0,"[""Header_Length"", ""Protocol Type"", ""Time_To_Live"", ""Rate"", ""fin_flag_number"", ""syn_flag_number"", ""rst_flag_number"", ""psh_flag_number"", ""ack_flag_number"", ""ece_flag_number"", ""cwr_flag_number"", ""ack_count"", ""syn_count"", ""fin_count"", ""rst_count"", ""HTTP"", ""HTTPS"", ""DNS"", ""Telnet"", ""SMTP"", ""SSH"", ""IRC"", ""TCP"", ""UDP"", ""DHCP"", ""ARP"", ""ICMP"", ""IGMP"", ""IPv"", ""LLC"", ""Tot sum"", ""Min"", ""Max"", ""AVG"", ""Std"", ""Tot size"", ""IAT"", ""Number"", ""Variance""]",utf-8,1.685562
DoS-SYN_Flood/DoS-SYN_Flood3.pcap.csv,DoS-SYN_Flood3.pcap.csv,.csv,49424756,47.13512,0.04603,c73eb82d1beb25b352a3239e75f33c26fd305cb8440fd16063d990b81621616c,CSV,257402.0,39.0,"[""Header_Length"", ""Protocol Type"", ""Time_To_Live"", ""Rate"", ""fin_flag_number"", ""syn_flag_number"", ""rst_flag_number"", ""psh_flag_number"", ""ack_flag_number"", ""ece_flag_number"", ""cwr_flag_number"", ""ack_count"", ""syn_count"", ""fin_count"", ""rst_count"", ""HTTP"", ""HTTPS"", ""DNS"", ""Telnet"", ""SMTP"", ""SSH"", ""IRC"", ""TCP"", ""UDP"", ""DHCP"", ""ARP"", ""ICMP"", ""IGMP"", ""IPv"", ""LLC"", ""Tot sum"", ""Min"", ""Max"", ""AVG"", ""Std"", ""Tot size"", ""IAT"", ""Number"", ""Variance""]",utf-8,2.880583
DoS-SYN_Flood/DoS-SYN_Flood4.pcap.csv,DoS-SYN_Flood4.pcap.csv,.csv,49736589,47.432508,0.046321,1e852b0d92628484e87d1e552fc4465df94283449816d3eb3df526004df18d80,CSV,258219.0,39.0,"[""Header_Length"", ""Protocol Type"", ""Time_To_Live"", ""Rate"", ""fin_flag_number"", ""syn_flag_number"", ""rst_flag_number"", ""psh_flag_number"", ""ack_flag_number"", ""ece_flag_number"", ""cwr_flag_number"", ""ack_count"", ""syn_count"", ""fin_count"", ""rst_count"", ""HTTP"", ""HTTPS"", ""DNS"", ""Telnet"", ""SMTP"", ""SSH"", ""IRC"", ""TCP"", ""UDP"", ""DHCP"", ""ARP"", ""ICMP"", ""IGMP"", ""IPv"", ""LLC"", ""Tot sum"", ""Min"", ""Max"", ""AVG"", ""Std"", ""Tot size"", ""IAT"", ""Number"", ""Variance""]",utf-8,1.799575
DoS-SYN_Flood/DoS-SYN_Flood5.pcap.csv,DoS-SYN_Flood5.pcap.csv,.csv,50831938,48.477114,0.047341,cfb38cce6c64b8578f11c38e2a1713ca4d7910b957fa194d96657f05faf9fd71,CSV,265519.0,39.0,"[""Header_Length"", ""Protocol Type"", ""Time_To_Live"", ""Rate"", ""fin_flag_number"", ""syn_flag_number"", ""rst_flag_number"", ""psh_flag_number"", ""ack_flag_number"", ""ece_flag_number"", ""cwr_flag_number"", ""ack_count"", ""syn_count"", ""fin_count"", ""rst_count"", ""HTTP"", ""HTTPS"", ""DNS"", ""Telnet"", ""SMTP"", ""SSH"", ""IRC"", ""TCP"", ""UDP"", ""DHCP"", ""ARP"", ""ICMP"", ""IGMP"", ""IPv"", ""LLC"", ""Tot sum"", ""Min"", ""Max"", ""AVG"", ""Std"", ""Tot size"", ""IAT"", ""Number"", ""Variance""]",utf-8,2.623174
DoS-SYN_Flood/DoS-SYN_Flood6.pcap.csv,DoS-SYN_Flood6.pcap.csv,.csv,50423128,48.087242,0.04696,f5dbd9fb35274081b3e80c8756d6d2be67869a5208a58f93f2cee7befeb5c5d6,CSV,262979.0,39.0,"[""Header_Length"", ""Protocol Type"", ""Time_To_Live"", ""Rate"", ""fin_flag_number"", ""syn_flag_number"", ""rst_flag_number"", ""psh_flag_number"", ""ack_flag_number"", ""ece_flag_number"", ""cwr_flag_number"", ""ack_count"", ""syn_count"", ""fin_count"", ""rst_count"", ""HTTP"", ""HTTPS"", ""DNS"", ""Telnet"", ""SMTP"", ""SSH"", ""IRC"", ""TCP"", ""UDP"", ""DHCP"", ""ARP"", ""ICMP"", ""IGMP"", ""IPv"", ""LLC"", ""Tot sum"", ""Min"", ""Max"", ""AVG"", ""Std"", ""Tot size"", ""IAT"", ""Number"", ""Variance""]",utf-8,1.73138
DoS-SYN_Flood/DoS-SYN_Flood7.pcap.csv,DoS-SYN_Flood7.pcap.csv,.csv,39878075,38.030696,0.037139,2babbc8d3a9789bf12fd296751cf80df5675d40f83add9555dd8f1245cb5a741,CSV,205930.0,39.0,"[""Header_Length"", ""Protocol Type"", ""Time_To_Live"", ""Rate"", ""fin_flag_number"", ""syn_flag_number"", ""rst_flag_number"", ""psh_flag_number"", ""ack_flag_number"", ""ece_flag_number"", ""cwr_flag_number"", ""ack_count"", ""syn_count"", ""fin_count"", ""rst_count"", ""HTTP"", ""HTTPS"", ""DNS"", ""Telnet"", ""SMTP"", ""SSH"", ""IRC"", ""TCP"", ""UDP"", ""DHCP"", ""ARP"", ""ICMP"", ""IGMP"", ""IPv"", ""LLC"", ""Tot sum"", ""Min"", ""Max"", ""AVG"", ""Std"", ""Tot size"", ""IAT"", ""Number"", ""Variance""]",utf-8,1.310599
DoS-TCP_Flood/DoS-TCP_Flood.pcap.csv,DoS-TCP_Flood.pcap.csv,.csv,48955460,46.687565,0.045593,507c85bcec74b34cfaebeaec2beb60380612a815b0cfd7a2d0e5989550cb863a,CSV,260129.0,39.0,"[""Header_Length"", ""Protocol Type"", ""Time_To_Live"", ""Rate"", ""fin_flag_number"", ""syn_flag_number"", ""rst_flag_number"", ""psh_flag_number"", ""ack_flag_number"", ""ece_flag_number"", ""cwr_flag_number"", ""ack_count"", ""syn_count"", ""fin_count"", ""rst_count"", ""HTTP"", ""HTTPS"", ""DNS"", ""Telnet"", ""SMTP"", ""SSH"", ""IRC"", ""TCP"", ""UDP"", ""DHCP"", ""ARP"", ""ICMP"", ""IGMP"", ""IPv"", ""LLC"", ""Tot sum"", ""Min"", ""Max"", ""AVG"", ""Std"", ""Tot size"", ""IAT"", ""Number"", ""Variance""]",utf-8,2.323073
DoS-TCP_Flood/DoS-TCP_Flood1.pcap.csv,DoS-TCP_Flood1.pcap.csv,.csv,47424362,45.227396,0.044167,3326af88d0efe10730f048f4bf4f67ee93bc32f59dc51e1a71c6c3e2a28002ec,CSV,246026.0,39.0,"[""Header_Length"", ""Protocol Type"", ""Time_To_Live"", ""Rate"", ""fin_flag_number"", ""syn_flag_number"", ""rst_flag_number"", ""psh_flag_number"", ""ack_flag_number"", ""ece_flag_number"", ""cwr_flag_number"", ""ack_count"", ""syn_count"", ""fin_count"", ""rst_count"", ""HTTP"", ""HTTPS"", ""DNS"", ""Telnet"", ""SMTP"", ""SSH"", ""IRC"", ""TCP"", ""UDP"", ""DHCP"", ""ARP"", ""ICMP"", ""IGMP"", ""IPv"", ""LLC"", ""Tot sum"", ""Min"", ""Max"", ""AVG"", ""Std"", ""Tot size"", ""IAT"", ""Number"", ""Variance""]",utf-8,1.741465
DoS-TCP_Flood/DoS-TCP_Flood10.pcap.csv,DoS-TCP_Flood10.pcap.csv,.csv,15663327,14.937713,0.014588,e49d6fab8b43ed55d9c77d000a55ca784e1cd5849e27bef5fd69b3a086d69c19,CSV,83023.0,39.0,"[""Header_Length"", ""Protocol Type"", ""Time_To_Live"", ""Rate"", ""fin_flag_number"", ""syn_flag_number"", ""rst_flag_number"", ""psh_flag_number"", ""ack_flag_number"", ""ece_flag_number"", ""cwr_flag_number"", ""ack_count"", ""syn_count"", ""fin_count"", ""rst_count"", ""HTTP"", ""HTTPS"", ""DNS"", ""Telnet"", ""SMTP"", ""SSH"", ""IRC"", ""TCP"", ""UDP"", ""DHCP"", ""ARP"", ""ICMP"", ""IGMP"", ""IPv"", ""LLC"", ""Tot sum"", ""Min"", ""Max"", ""AVG"", ""Std"", ""Tot size"", ""IAT"", ""Number"", ""Variance""]",utf-8,0.61818
DoS-TCP_Flood/DoS-TCP_Flood2.pcap.csv,DoS-TCP_Flood2.pcap.csv,.csv,50081317,47.761266,0.046642,bc2fe7563b0eb90c119df1dd67a9079957f7cc45b1f6c2bd5c5b0b433e97c937,CSV,263675.0,39.0,"[""Header_Length"", ""Protocol Type"", ""Time_To_Live"", ""Rate"", ""fin_flag_number"", ""syn_flag_number"", ""rst_flag_number"", ""psh_flag_number"", ""ack_flag_number"", ""ece_flag_number"", ""cwr_flag_number"", ""ack_count"", ""syn_count"", ""fin_count"", ""rst_count"", ""HTTP"", ""HTTPS"", ""DNS"", ""Telnet"", ""SMTP"", ""SSH"", ""IRC"", ""TCP"", ""UDP"", ""DHCP"", ""ARP"", ""ICMP"", ""IGMP"", ""IPv"", ""LLC"", ""Tot sum"", ""Min"", ""Max"", ""AVG"", ""Std"", ""Tot size"", ""IAT"", ""Number"", ""Variance""]",utf-8,2.456855
DoS-TCP_Flood/DoS-TCP_Flood3.pcap.csv,DoS-TCP_Flood3.pcap.csv,.csv,50617348,48.272465,0.047141,9e04499b0f5b2782332ab7d5621c1f32c929a94738bf680aeac17f289d53840b,CSV,266238.0,39.0,"[""Header_Length"", ""Protocol Type"", ""Time_To_Live"", ""Rate"", ""fin_flag_number"", ""syn_flag_number"", ""rst_flag_number"", ""psh_flag_number"", ""ack_flag_number"", ""ece_flag_number"", ""cwr_flag_number"", ""ack_count"", ""syn_count"", ""fin_count"", ""rst_count"", ""HTTP"", ""HTTPS"", ""DNS"", ""Telnet"", ""SMTP"", ""SSH"", ""IRC"", ""TCP"", ""UDP"", ""DHCP"", ""ARP"", ""ICMP"", ""IGMP"", ""IPv"", ""LLC"", ""Tot sum"", ""Min"", ""Max"", ""AVG"", ""Std"", ""Tot size"", ""IAT"", ""Number"", ""Variance""]",utf-8,1.888566
DoS-TCP_Flood/DoS-TCP_Flood4.pcap.csv,DoS-TCP_Flood4.pcap.csv,.csv,50279393,47.950166,0.046826,e1faad8f2a09cf724f5cda37522ad515d2e0b20c0bde743c37399f68bdb263f0,CSV,265480.0,39.0,"[""Header_Length"", ""Protocol Type"", ""Time_To_Live"", ""Rate"", ""fin_flag_number"", ""syn_flag_number"", ""rst_flag_number"", ""psh_flag_number"", ""ack_flag_number"", ""ece_flag_number"", ""cwr_flag_number"", ""ack_count"", ""syn_count"", ""fin_count"", ""rst_count"", ""HTTP"", ""HTTPS"", ""DNS"", ""Telnet"", ""SMTP"", ""SSH"", ""IRC"", ""TCP"", ""UDP"", ""DHCP"", ""ARP"", ""ICMP"", ""IGMP"", ""IPv"", ""LLC"", ""Tot sum"", ""Min"", ""Max"", ""AVG"", ""Std"", ""Tot size"", ""IAT"", ""Number"", ""Variance""]",utf-8,2.024616
DoS-TCP_Flood/DoS-TCP_Flood5.pcap.csv,DoS-TCP_Flood5.pcap.csv,.csv,50147553,47.824433,0.046704,d52c38d781233bca53b31bb5aeb92cf482a61e8c114fba92d02b0e8d7013a444,CSV,266316.0,39.0,"[""Header_Length"", ""Protocol Type"", ""Time_To_Live"", ""Rate"", ""fin_flag_number"", ""syn_flag_number"", ""rst_flag_number"", ""psh_flag_number"", ""ack_flag_number"", ""ece_flag_number"", ""cwr_flag_number"", ""ack_count"", ""syn_count"", ""fin_count"", ""rst_count"", ""HTTP"", ""HTTPS"", ""DNS"", ""Telnet"", ""SMTP"", ""SSH"", ""IRC"", ""TCP"", ""UDP"", ""DHCP"", ""ARP"", ""ICMP"", ""IGMP"", ""IPv"", ""LLC"", ""Tot sum"", ""Min"", ""Max"", ""AVG"", ""Std"", ""Tot size"", ""IAT"", ""Number"", ""Variance""]",utf-8,2.230547
DoS-TCP_Flood/DoS-TCP_Flood6.pcap.csv,DoS-TCP_Flood6.pcap.csv,.csv,49340641,47.054902,0.045952,c755183c22e2e092895edfd175afbafaa7dd26b322eb08b0c40ab65af447ca0f,CSV,261903.0,39.0,"[""Header_Length"", ""Protocol Type"", ""Time_To_Live"", ""Rate"", ""fin_flag_number"", ""syn_flag_number"", ""rst_flag_number"", ""psh_flag_number"", ""ack_flag_number"", ""ece_flag_number"", ""cwr_flag_number"", ""ack_count"", ""syn_count"", ""fin_count"", ""rst_count"", ""HTTP"", ""HTTPS"", ""DNS"", ""Telnet"", ""SMTP"", ""SSH"", ""IRC"", ""TCP"", ""UDP"", ""DHCP"", ""ARP"", ""ICMP"", ""IGMP"", ""IPv"", ""LLC"", ""Tot sum"", ""Min"", ""Max"", ""AVG"", ""Std"", ""Tot size"", ""IAT"", ""Number"", ""Variance""]",utf-8,2.779365
DoS-TCP_Flood/DoS-TCP_Flood7.pcap.csv,DoS-TCP_Flood7.pcap.csv,.csv,49816215,47.508445,0.046395,d31a91ff1d4622961af5b2dfb81392983e9f303d67be72a893a17c09689d4ff4,CSV,265329.0,39.0,"[""Header_Length"", ""Protocol Type"", ""Time_To_Live"", ""Rate"", ""fin_flag_number"", ""syn_flag_number"", ""rst_flag_number"", ""psh_flag_number"", ""ack_flag_number"", ""ece_flag_number"", ""cwr_flag_number"", ""ack_count"", ""syn_count"", ""fin_count"", ""rst_count"", ""HTTP"", ""HTTPS"", ""DNS"", ""Telnet"", ""SMTP"", ""SSH"", ""IRC"", ""TCP"", ""UDP"", ""DHCP"", ""ARP"", ""ICMP"", ""IGMP"", ""IPv"", ""LLC"", ""Tot sum"", ""Min"", ""Max"", ""AVG"", ""Std"", ""Tot size"", ""IAT"", ""Number"", ""Variance""]",utf-8,2.270512
DoS-TCP_Flood/DoS-TCP_Flood8.pcap.csv,DoS-TCP_Flood8.pcap.csv,.csv,48951443,46.683734,0.04559,a08c181639953612db1e20366979c82dc2ea87bd901fa21fa32a91f5a320d88e,CSV,259664.0,39.0,"[""Header_Length"", ""Protocol Type"", ""Time_To_Live"", ""Rate"", ""fin_flag_number"", ""syn_flag_number"", ""rst_flag_number"", ""psh_flag_number"", ""ack_flag_number"", ""ece_flag_number"", ""cwr_flag_number"", ""ack_count"", ""syn_count"", ""fin_count"", ""rst_count"", ""HTTP"", ""HTTPS"", ""DNS"", ""Telnet"", ""SMTP"", ""SSH"", ""IRC"", ""TCP"", ""UDP"", ""DHCP"", ""ARP"", ""ICMP"", ""IGMP"", ""IPv"", ""LLC"", ""Tot sum"", ""Min"", ""Max"", ""AVG"", ""Std"", ""Tot size"", ""IAT"", ""Number"", ""Variance""]",utf-8,1.676055
DoS-TCP_Flood/DoS-TCP_Flood9.pcap.csv,DoS-TCP_Flood9.pcap.csv,.csv,44070211,42.028628,0.041044,650065537d9b1b68d791e33e24b8ccbd4dae18a2f97e6f0a14011d597dc66d53,CSV,233647.0,39.0,"[""Header_Length"", ""Protocol Type"", ""Time_To_Live"", ""Rate"", ""fin_flag_number"", ""syn_flag_number"", ""rst_flag_number"", ""psh_flag_number"", ""ack_flag_number"", ""ece_flag_number"", ""cwr_flag_number"", ""ack_count"", ""syn_count"", ""fin_count"", ""rst_count"", ""HTTP"", ""HTTPS"", ""DNS"", ""Telnet"", ""SMTP"", ""SSH"", ""IRC"", ""TCP"", ""UDP"", ""DHCP"", ""ARP"", ""ICMP"", ""IGMP"", ""IPv"", ""LLC"", ""Tot sum"", ""Min"", ""Max"", ""AVG"", ""Std"", ""Tot size"", ""IAT"", ""Number"", ""Variance""]",utf-8,2.443693
DoS-UDP_Flood/DoS-UDP_Flood.pcap.csv,DoS-UDP_Flood.pcap.csv,.csv,32359559,30.86048,0.030137,745639a035a53c31c13886fd31dc02f56ae2fad5ee971f5b04e66674e9421857,CSV,166838.0,39.0,"[""Header_Length"", ""Protocol Type"", ""Time_To_Live"", ""Rate"", ""fin_flag_number"", ""syn_flag_number"", ""rst_flag_number"", ""psh_flag_number"", ""ack_flag_number"", ""ece_flag_number"", ""cwr_flag_number"", ""ack_count"", ""syn_count"", ""fin_count"", ""rst_count"", ""HTTP"", ""HTTPS"", ""DNS"", ""Telnet"", ""SMTP"", ""SSH"", ""IRC"", ""TCP"", ""UDP"", ""DHCP"", ""ARP"", ""ICMP"", ""IGMP"", ""IPv"", ""LLC"", ""Tot sum"", ""Min"", ""Max"", ""AVG"", ""Std"", ""Tot size"", ""IAT"", ""Number"", ""Variance""]",utf-8,1.096751
DoS-UDP_Flood/DoS-UDP_Flood1.pcap.csv,DoS-UDP_Flood1.pcap.csv,.csv,27576686,26.299177,0.025683,f381e0b140869ff0baf089f79d711c10541f7da021b6e6b5f821115c6f09957b,CSV,141854.0,39.0,"[""Header_Length"", ""Protocol Type"", ""Time_To_Live"", ""Rate"", ""fin_flag_number"", ""syn_flag_number"", ""rst_flag_number"", ""psh_flag_number"", ""ack_flag_number"", ""ece_flag_number"", ""cwr_flag_number"", ""ack_count"", ""syn_count"", ""fin_count"", ""rst_count"", ""HTTP"", ""HTTPS"", ""DNS"", ""Telnet"", ""SMTP"", ""SSH"", ""IRC"", ""TCP"", ""UDP"", ""DHCP"", ""ARP"", ""ICMP"", ""IGMP"", ""IPv"", ""LLC"", ""Tot sum"", ""Min"", ""Max"", ""AVG"", ""Std"", ""Tot size"", ""IAT"", ""Number"", ""Variance""]",utf-8,1.03157
DoS-UDP_Flood/DoS-UDP_Flood10.pcap.csv,DoS-UDP_Flood10.pcap.csv,.csv,51347895,48.969169,0.047821,5af03f40295365fdcb6a02c939d2f17e09f267efabbfefedb9e5ac6f17933670,CSV,262163.0,39.0,"[""Header_Length"", ""Protocol Type"", ""Time_To_Live"", ""Rate"", ""fin_flag_number"", ""syn_flag_number"", ""rst_flag_number"", ""psh_flag_number"", ""ack_flag_number"", ""ece_flag_number"", ""cwr_flag_number"", ""ack_count"", ""syn_count"", ""fin_count"", ""rst_count"", ""HTTP"", ""HTTPS"", ""DNS"", ""Telnet"", ""SMTP"", ""SSH"", ""IRC"", ""TCP"", ""UDP"", ""DHCP"", ""ARP"", ""ICMP"", ""IGMP"", ""IPv"", ""LLC"", ""Tot sum"", ""Min"", ""Max"", ""AVG"", ""Std"", ""Tot size"", ""IAT"", ""Number"", ""Variance""]",utf-8,2.586866
DoS-UDP_Flood/DoS-UDP_Flood11.pcap.csv,DoS-UDP_Flood11.pcap.csv,.csv,50201726,47.876097,0.046754,3a4de6e39c7f12d572fa35ee8d957cdce01a58919e9907a774efe11bfd679e5a,CSV,253306.0,39.0,"[""Header_Length"", ""Protocol Type"", ""Time_To_Live"", ""Rate"", ""fin_flag_number"", ""syn_flag_number"", ""rst_flag_number"", ""psh_flag_number"", ""ack_flag_number"", ""ece_flag_number"", ""cwr_flag_number"", ""ack_count"", ""syn_count"", ""fin_count"", ""rst_count"", ""HTTP"", ""HTTPS"", ""DNS"", ""Telnet"", ""SMTP"", ""SSH"", ""IRC"", ""TCP"", ""UDP"", ""DHCP"", ""ARP"", ""ICMP"", ""IGMP"", ""IPv"", ""LLC"", ""Tot sum"", ""Min"", ""Max"", ""AVG"", ""Std"", ""Tot size"", ""IAT"", ""Number"", ""Variance""]",utf-8,1.88295
DoS-UDP_Flood/DoS-UDP_Flood12.pcap.csv,DoS-UDP_Flood12.pcap.csv,.csv,48098197,45.870015,0.044795,f4afbfcbc7368dd88ea7ae8fb68b806af23969fc1c5008d528bd5c7f9f9b4141,CSV,247718.0,39.0,"[""Header_Length"", ""Protocol Type"", ""Time_To_Live"", ""Rate"", ""fin_flag_number"", ""syn_flag_number"", ""rst_flag_number"", ""psh_flag_number"", ""ack_flag_number"", ""ece_flag_number"", ""cwr_flag_number"", ""ack_count"", ""syn_count"", ""fin_count"", ""rst_count"", ""HTTP"", ""HTTPS"", ""DNS"", ""Telnet"", ""SMTP"", ""SSH"", ""IRC"", ""TCP"", ""UDP"", ""DHCP"", ""ARP"", ""ICMP"", ""IGMP"", ""IPv"", ""LLC"", ""Tot sum"", ""Min"", ""Max"", ""AVG"", ""Std"", ""Tot size"", ""IAT"", ""Number"", ""Variance""]",utf-8,2.609043
DoS-UDP_Flood/DoS-UDP_Flood13.pcap.csv,DoS-UDP_Flood13.pcap.csv,.csv,51656437,49.263417,0.048109,762458701a4ed7569ca6c6c06db3c2e773e2b18604f7b3600d86efa7b8405e95,CSV,261752.0,39.0,"[""Header_Length"", ""Protocol Type"", ""Time_To_Live"", ""Rate"", ""fin_flag_number"", ""syn_flag_number"", ""rst_flag_number"", ""psh_flag_number"", ""ack_flag_number"", ""ece_flag_number"", ""cwr_flag_number"", ""ack_count"", ""syn_count"", ""fin_count"", ""rst_count"", ""HTTP"", ""HTTPS"", ""DNS"", ""Telnet"", ""SMTP"", ""SSH"", ""IRC"", ""TCP"", ""UDP"", ""DHCP"", ""ARP"", ""ICMP"", ""IGMP"", ""IPv"", ""LLC"", ""Tot sum"", ""Min"", ""Max"", ""AVG"", ""Std"", ""Tot size"", ""IAT"", ""Number"", ""Variance""]",utf-8,2.406928
DoS-UDP_Flood/DoS-UDP_Flood14.pcap.csv,DoS-UDP_Flood14.pcap.csv,.csv,49019219,46.74837,0.045653,07f7101c8bb766a94dd5ebba707a4d3e05ad94f4af4b7346477f75a0f5ab0b75,CSV,255526.0,39.0,"[""Header_Length"", ""Protocol Type"", ""Time_To_Live"", ""Rate"", ""fin_flag_number"", ""syn_flag_number"", ""rst_flag_number"", ""psh_flag_number"", ""ack_flag_number"", ""ece_flag_number"", ""cwr_flag_number"", ""ack_count"", ""syn_count"", ""fin_count"", ""rst_count"", ""HTTP"", ""HTTPS"", ""DNS"", ""Telnet"", ""SMTP"", ""SSH"", ""IRC"", ""TCP"", ""UDP"", ""DHCP"", ""ARP"", ""ICMP"", ""IGMP"", ""IPv"", ""LLC"", ""Tot sum"", ""Min"", ""Max"", ""AVG"", ""Std"", ""Tot size"", ""IAT"", ""Number"", ""Variance""]",utf-8,2.807996
DoS-UDP_Flood/DoS-UDP_Flood15.pcap.csv,DoS-UDP_Flood15.pcap.csv,.csv,52351131,49.925929,0.048756,e6d4e8d075883109b8fa2642bdf270138d47639217a5dbbdbcd7a6147f216c0b,CSV,265157.0,39.0,"[""Header_Length"", ""Protocol Type"", ""Time_To_Live"", ""Rate"", ""fin_flag_number"", ""syn_flag_number"", ""rst_flag_number"", ""psh_flag_number"", ""ack_flag_number"", ""ece_flag_number"", ""cwr_flag_number"", ""ack_count"", ""syn_count"", ""fin_count"", ""rst_count"", ""HTTP"", ""HTTPS"", ""DNS"", ""Telnet"", ""SMTP"", ""SSH"", ""IRC"", ""TCP"", ""UDP"", ""DHCP"", ""ARP"", ""ICMP"", ""IGMP"", ""IPv"", ""LLC"", ""Tot sum"", ""Min"", ""Max"", ""AVG"", ""Std"", ""Tot size"", ""IAT"", ""Number"", ""Variance""]",utf-8,2.040784
DoS-UDP_Flood/DoS-UDP_Flood16.pcap.csv,DoS-UDP_Flood16.pcap.csv,.csv,34512977,32.91414,0.032143,696978ba5f4dcee0aba24cfdc09d069ff2269c7970d831dd585cc5b185df20e0,CSV,180914.0,39.0,"[""Header_Length"", ""Protocol Type"", ""Time_To_Live"", ""Rate"", ""fin_flag_number"", ""syn_flag_number"", ""rst_flag_number"", ""psh_flag_number"", ""ack_flag_number"", ""ece_flag_number"", ""cwr_flag_number"", ""ack_count"", ""syn_count"", ""fin_count"", ""rst_count"", ""HTTP"", ""HTTPS"", ""DNS"", ""Telnet"", ""SMTP"", ""SSH"", ""IRC"", ""TCP"", ""UDP"", ""DHCP"", ""ARP"", ""ICMP"", ""IGMP"", ""IPv"", ""LLC"", ""Tot sum"", ""Min"", ""Max"", ""AVG"", ""Std"", ""Tot size"", ""IAT"", ""Number"", ""Variance""]",utf-8,1.319608
DoS-UDP_Flood/DoS-UDP_Flood2.pcap.csv,DoS-UDP_Flood2.pcap.csv,.csv,20474692,19.526188,0.019069,c6abcdfb90e49bfb4e3b0bc05a5138eac897cdc21a40ef2a4c793da02fd33d73,CSV,102879.0,39.0,"[""Header_Length"", ""Protocol Type"", ""Time_To_Live"", ""Rate"", ""fin_flag_number"", ""syn_flag_number"", ""rst_flag_number"", ""psh_flag_number"", ""ack_flag_number"", ""ece_flag_number"", ""cwr_flag_number"", ""ack_count"", ""syn_count"", ""fin_count"", ""rst_count"", ""HTTP"", ""HTTPS"", ""DNS"", ""Telnet"", ""SMTP"", ""SSH"", ""IRC"", ""TCP"", ""UDP"", ""DHCP"", ""ARP"", ""ICMP"", ""IGMP"", ""IPv"", ""LLC"", ""Tot sum"", ""Min"", ""Max"", ""AVG"", ""Std"", ""Tot size"", ""IAT"", ""Number"", ""Variance""]",utf-8,1.154114
DoS-UDP_Flood/DoS-UDP_Flood3.pcap.csv,DoS-UDP_Flood3.pcap.csv,.csv,21532413,20.534909,0.020054,4a123bda51ba1a919d67b27916392859dc9a2a6d5fdf65a6c08ad1db78145c50,CSV,108557.0,39.0,"[""Header_Length"", ""Protocol Type"", ""Time_To_Live"", ""Rate"", ""fin_flag_number"", ""syn_flag_number"", ""rst_flag_number"", ""psh_flag_number"", ""ack_flag_number"", ""ece_flag_number"", ""cwr_flag_number"", ""ack_count"", ""syn_count"", ""fin_count"", ""rst_count"", ""HTTP"", ""HTTPS"", ""DNS"", ""Telnet"", ""SMTP"", ""SSH"", ""IRC"", ""TCP"", ""UDP"", ""DHCP"", ""ARP"", ""ICMP"", ""IGMP"", ""IPv"", ""LLC"", ""Tot sum"", ""Min"", ""Max"", ""AVG"", ""Std"", ""Tot size"", ""IAT"", ""Number"", ""Variance""]",utf-8,1.06356
DoS-UDP_Flood/DoS-UDP_Flood4.pcap.csv,DoS-UDP_Flood4.pcap.csv,.csv,26190903,24.977592,0.024392,bf0f311f9e0388c96e11e1faf7451c92ea0d7fe6cdc3f7700bf093853e63ddbb,CSV,131975.0,39.0,"[""Header_Length"", ""Protocol Type"", ""Time_To_Live"", ""Rate"", ""fin_flag_number"", ""syn_flag_number"", ""rst_flag_number"", ""psh_flag_number"", ""ack_flag_number"", ""ece_flag_number"", ""cwr_flag_number"", ""ack_count"", ""syn_count"", ""fin_count"", ""rst_count"", ""HTTP"", ""HTTPS"", ""DNS"", ""Telnet"", ""SMTP"", ""SSH"", ""IRC"", ""TCP"", ""UDP"", ""DHCP"", ""ARP"", ""ICMP"", ""IGMP"", ""IPv"", ""LLC"", ""Tot sum"", ""Min"", ""Max"", ""AVG"", ""Std"", ""Tot size"", ""IAT"", ""Number"", ""Variance""]",utf-8,0.948636
DoS-UDP_Flood/DoS-UDP_Flood5.pcap.csv,DoS-UDP_Flood5.pcap.csv,.csv,22634035,21.585498,0.02108,21b7a9cb58c0906f2945050385eae4ac64e296a897b9a28263c051b15c2cc8dc,CSV,114208.0,39.0,"[""Header_Length"", ""Protocol Type"", ""Time_To_Live"", ""Rate"", ""fin_flag_number"", ""syn_flag_number"", ""rst_flag_number"", ""psh_flag_number"", ""ack_flag_number"", ""ece_flag_number"", ""cwr_flag_number"", ""ack_count"", ""syn_count"", ""fin_count"", ""rst_count"", ""HTTP"", ""HTTPS"", ""DNS"", ""Telnet"", ""SMTP"", ""SSH"", ""IRC"", ""TCP"", ""UDP"", ""DHCP"", ""ARP"", ""ICMP"", ""IGMP"", ""IPv"", ""LLC"", ""Tot sum"", ""Min"", ""Max"", ""AVG"", ""Std"", ""Tot size"", ""IAT"", ""Number"", ""Variance""]",utf-8,0.86968
DoS-UDP_Flood/DoS-UDP_Flood6.pcap.csv,DoS-UDP_Flood6.pcap.csv,.csv,23871639,22.765769,0.022232,dbcd7d91e4ef43be17e65fb724ab3f7e852e82f7338148e73fdde1db3e979509,CSV,117839.0,39.0,"[""Header_Length"", ""Protocol Type"", ""Time_To_Live"", ""Rate"", ""fin_flag_number"", ""syn_flag_number"", ""rst_flag_number"", ""psh_flag_number"", ""ack_flag_number"", ""ece_flag_number"", ""cwr_flag_number"", ""ack_count"", ""syn_count"", ""fin_count"", ""rst_count"", ""HTTP"", ""HTTPS"", ""DNS"", ""Telnet"", ""SMTP"", ""SSH"", ""IRC"", ""TCP"", ""UDP"", ""DHCP"", ""ARP"", ""ICMP"", ""IGMP"", ""IPv"", ""LLC"", ""Tot sum"", ""Min"", ""Max"", ""AVG"", ""Std"", ""Tot size"", ""IAT"", ""Number"", ""Variance""]",utf-8,0.900054
DoS-UDP_Flood/DoS-UDP_Flood7.pcap.csv,DoS-UDP_Flood7.pcap.csv,.csv,35696059,34.042415,0.033245,a7a073e44053713b18938cfad4a8bf762be774a1f5331dad1c0e7bba7e8628bd,CSV,175919.0,39.0,"[""Header_Length"", ""Protocol Type"", ""Time_To_Live"", ""Rate"", ""fin_flag_number"", ""syn_flag_number"", ""rst_flag_number"", ""psh_flag_number"", ""ack_flag_number"", ""ece_flag_number"", ""cwr_flag_number"", ""ack_count"", ""syn_count"", ""fin_count"", ""rst_count"", ""HTTP"", ""HTTPS"", ""DNS"", ""Telnet"", ""SMTP"", ""SSH"", ""IRC"", ""TCP"", ""UDP"", ""DHCP"", ""ARP"", ""ICMP"", ""IGMP"", ""IPv"", ""LLC"", ""Tot sum"", ""Min"", ""Max"", ""AVG"", ""Std"", ""Tot size"", ""IAT"", ""Number"", ""Variance""]",utf-8,1.437699
DoS-UDP_Flood/DoS-UDP_Flood8.pcap.csv,DoS-UDP_Flood8.pcap.csv,.csv,32624109,31.112775,0.030384,8e24fee423564aa9622c12f6380570cb2c14331d3fcd703d9dfca102b3e7f7e1,CSV,160834.0,39.0,"[""Header_Length"", ""Protocol Type"", ""Time_To_Live"", ""Rate"", ""fin_flag_number"", ""syn_flag_number"", ""rst_flag_number"", ""psh_flag_number"", ""ack_flag_number"", ""ece_flag_number"", ""cwr_flag_number"", ""ack_count"", ""syn_count"", ""fin_count"", ""rst_count"", ""HTTP"", ""HTTPS"", ""DNS"", ""Telnet"", ""SMTP"", ""SSH"", ""IRC"", ""TCP"", ""UDP"", ""DHCP"", ""ARP"", ""ICMP"", ""IGMP"", ""IPv"", ""LLC"", ""Tot sum"", ""Min"", ""Max"", ""AVG"", ""Std"", ""Tot size"", ""IAT"", ""Number"", ""Variance""]",utf-8,1.041331
DoS-UDP_Flood/DoS-UDP_Flood9.pcap.csv,DoS-UDP_Flood9.pcap.csv,.csv,25251429,24.081639,0.023517,eefba41ed734d8829e07a32e7189d77a11427f47b1b9653f94b1263cfbd42638,CSV,125551.0,39.0,"[""Header_Length"", ""Protocol Type"", ""Time_To_Live"", ""Rate"", ""fin_flag_number"", ""syn_flag_number"", ""rst_flag_number"", ""psh_flag_number"", ""ack_flag_number"", ""ece_flag_number"", ""cwr_flag_number"", ""ack_count"", ""syn_count"", ""fin_count"", ""rst_count"", ""HTTP"", ""HTTPS"", ""DNS"", ""Telnet"", ""SMTP"", ""SSH"", ""IRC"", ""TCP"", ""UDP"", ""DHCP"", ""ARP"", ""ICMP"", ""IGMP"", ""IPv"", ""LLC"", ""Tot sum"", ""Min"", ""Max"", ""AVG"", ""Std"", ""Tot size"", ""IAT"", ""Number"", ""Variance""]",utf-8,0.932864
MITM-ArpSpoofing/MITM-ArpSpoofing.pcap.csv,MITM-ArpSpoofing.pcap.csv,.csv,50593720,48.249931,0.047119,2637276fe7afe49833082c0a7342ca107bc4c190141ce383b7322e2f3fc37894,CSV,247706.0,39.0,"[""Header_Length"", ""Protocol Type"", ""Time_To_Live"", ""Rate"", ""fin_flag_number"", ""syn_flag_number"", ""rst_flag_number"", ""psh_flag_number"", ""ack_flag_number"", ""ece_flag_number"", ""cwr_flag_number"", ""ack_count"", ""syn_count"", ""fin_count"", ""rst_count"", ""HTTP"", ""HTTPS"", ""DNS"", ""Telnet"", ""SMTP"", ""SSH"", ""IRC"", ""TCP"", ""UDP"", ""DHCP"", ""ARP"", ""ICMP"", ""IGMP"", ""IPv"", ""LLC"", ""Tot sum"", ""Min"", ""Max"", ""AVG"", ""Std"", ""Tot size"", ""IAT"", ""Number"", ""Variance""]",utf-8,2.08746
MITM-ArpSpoofing/MITM-ArpSpoofing1.pcap.csv,MITM-ArpSpoofing1.pcap.csv,.csv,12312129,11.741761,0.011467,6d2c6d15b157e9349d638bd9baf54bca243af49f755eee916a295d55f8dad955,CSV,59854.0,39.0,"[""Header_Length"", ""Protocol Type"", ""Time_To_Live"", ""Rate"", ""fin_flag_number"", ""syn_flag_number"", ""rst_flag_number"", ""psh_flag_number"", ""ack_flag_number"", ""ece_flag_number"", ""cwr_flag_number"", ""ack_count"", ""syn_count"", ""fin_count"", ""rst_count"", ""HTTP"", ""HTTPS"", ""DNS"", ""Telnet"", ""SMTP"", ""SSH"", ""IRC"", ""TCP"", ""UDP"", ""DHCP"", ""ARP"", ""ICMP"", ""IGMP"", ""IPv"", ""LLC"", ""Tot sum"", ""Min"", ""Max"", ""AVG"", ""Std"", ""Tot size"", ""IAT"", ""Number"", ""Variance""]",utf-8,0.753999
Mirai-greeth_flood/Mirai-greeth_flood.pcap.csv,Mirai-greeth_flood.pcap.csv,.csv,6743677,6.431272,0.006281,d8b068a4f2002bdf438423cf950ac84bdb643836872d6f1a4046bfc3dde42eb6,CSV,33597.0,39.0,"[""Header_Length"", ""Protocol Type"", ""Time_To_Live"", ""Rate"", ""fin_flag_number"", ""syn_flag_number"", ""rst_flag_number"", ""psh_flag_number"", ""ack_flag_number"", ""ece_flag_number"", ""cwr_flag_number"", ""ack_count"", ""syn_count"", ""fin_count"", ""rst_count"", ""HTTP"", ""HTTPS"", ""DNS"", ""Telnet"", ""SMTP"", ""SSH"", ""IRC"", ""TCP"", ""UDP"", ""DHCP"", ""ARP"", ""ICMP"", ""IGMP"", ""IPv"", ""LLC"", ""Tot sum"", ""Min"", ""Max"", ""AVG"", ""Std"", ""Tot size"", ""IAT"", ""Number"", ""Variance""]",utf-8,0.619831
Mirai-greeth_flood/Mirai-greeth_flood1.pcap.csv,Mirai-greeth_flood1.pcap.csv,.csv,6899287,6.579673,0.006425,405809c151dc8a5a8305282739e8e4e2c4ec23890a2fc38c2cecce6a1851c3c3,CSV,34113.0,39.0,"[""Header_Length"", ""Protocol Type"", ""Time_To_Live"", ""Rate"", ""fin_flag_number"", ""syn_flag_number"", ""rst_flag_number"", ""psh_flag_number"", ""ack_flag_number"", ""ece_flag_number"", ""cwr_flag_number"", ""ack_count"", ""syn_count"", ""fin_count"", ""rst_count"", ""HTTP"", ""HTTPS"", ""DNS"", ""Telnet"", ""SMTP"", ""SSH"", ""IRC"", ""TCP"", ""UDP"", ""DHCP"", ""ARP"", ""ICMP"", ""IGMP"", ""IPv"", ""LLC"", ""Tot sum"", ""Min"", ""Max"", ""AVG"", ""Std"", ""Tot size"", ""IAT"", ""Number"", ""Variance""]",utf-8,0.481675
Mirai-greeth_flood/Mirai-greeth_flood10.pcap.csv,Mirai-greeth_flood10.pcap.csv,.csv,7106174,6.776976,0.006618,fec350b6d18385ad1f6ba1e348bf96ece09335b987015d4295c73a43161b8452,CSV,34499.0,39.0,"[""Header_Length"", ""Protocol Type"", ""Time_To_Live"", ""Rate"", ""fin_flag_number"", ""syn_flag_number"", ""rst_flag_number"", ""psh_flag_number"", ""ack_flag_number"", ""ece_flag_number"", ""cwr_flag_number"", ""ack_count"", ""syn_count"", ""fin_count"", ""rst_count"", ""HTTP"", ""HTTPS"", ""DNS"", ""Telnet"", ""SMTP"", ""SSH"", ""IRC"", ""TCP"", ""UDP"", ""DHCP"", ""ARP"", ""ICMP"", ""IGMP"", ""IPv"", ""LLC"", ""Tot sum"", ""Min"", ""Max"", ""AVG"", ""Std"", ""Tot size"", ""IAT"", ""Number"", ""Variance""]",utf-8,0.423254
Mirai-greeth_flood/Mirai-greeth_flood11.pcap.csv,Mirai-greeth_flood11.pcap.csv,.csv,7097244,6.768459,0.00661,8580a08553b634f4e5daee235764a4ad2bb4ee3cf99cc1fc5fc8458b9f19f4f3,CSV,34551.0,39.0,"[""Header_Length"", ""Protocol Type"", ""Time_To_Live"", ""Rate"", ""fin_flag_number"", ""syn_flag_number"", ""rst_flag_number"", ""psh_flag_number"", ""ack_flag_number"", ""ece_flag_number"", ""cwr_flag_number"", ""ack_count"", ""syn_count"", ""fin_count"", ""rst_count"", ""HTTP"", ""HTTPS"", ""DNS"", ""Telnet"", ""SMTP"", ""SSH"", ""IRC"", ""TCP"", ""UDP"", ""DHCP"", ""ARP"", ""ICMP"", ""IGMP"", ""IPv"", ""LLC"", ""Tot sum"", ""Min"", ""Max"", ""AVG"", ""Std"", ""Tot size"", ""IAT"", ""Number"", ""Variance""]",utf-8,0.387347
Mirai-greeth_flood/Mirai-greeth_flood12.pcap.csv,Mirai-greeth_flood12.pcap.csv,.csv,7039185,6.71309,0.006556,b66283025f08ba24e3b0a4a30a0dbc2e541a17eb025d0ab3d94625171bf20fee,CSV,34240.0,39.0,"[""Header_Length"", ""Protocol Type"", ""Time_To_Live"", ""Rate"", ""fin_flag_number"", ""syn_flag_number"", ""rst_flag_number"", ""psh_flag_number"", ""ack_flag_number"", ""ece_flag_number"", ""cwr_flag_number"", ""ack_count"", ""syn_count"", ""fin_count"", ""rst_count"", ""HTTP"", ""HTTPS"", ""DNS"", ""Telnet"", ""SMTP"", ""SSH"", ""IRC"", ""TCP"", ""UDP"", ""DHCP"", ""ARP"", ""ICMP"", ""IGMP"", ""IPv"", ""LLC"", ""Tot sum"", ""Min"", ""Max"", ""AVG"", ""Std"", ""Tot size"", ""IAT"", ""Number"", ""Variance""]",utf-8,0.394939
Mirai-greeth_flood/Mirai-greeth_flood13.pcap.csv,Mirai-greeth_flood13.pcap.csv,.csv,7138032,6.807358,0.006648,53209553614dac348b1c03c965e3a19dd92a54fa95227708819f499feb3974f9,CSV,34451.0,39.0,"[""Header_Length"", ""Protocol Type"", ""Time_To_Live"", ""Rate"", ""fin_flag_number"", ""syn_flag_number"", ""rst_flag_number"", ""psh_flag_number"", ""ack_flag_number"", ""ece_flag_number"", ""cwr_flag_number"", ""ack_count"", ""syn_count"", ""fin_count"", ""rst_count"", ""HTTP"", ""HTTPS"", ""DNS"", ""Telnet"", ""SMTP"", ""SSH"", ""IRC"", ""TCP"", ""UDP"", ""DHCP"", ""ARP"", ""ICMP"", ""IGMP"", ""IPv"", ""LLC"", ""Tot sum"", ""Min"", ""Max"", ""AVG"", ""Std"", ""Tot size"", ""IAT"", ""Number"", ""Variance""]",utf-8,0.370507
Mirai-greeth_flood/Mirai-greeth_flood14.pcap.csv,Mirai-greeth_flood14.pcap.csv,.csv,6772502,6.458761,0.006307,bdc2f06bd89c18abd1085b99ae66c80117a8982ba34f601f4895accb59ade1ac,CSV,34058.0,39.0,"[""Header_Length"", ""Protocol Type"", ""Time_To_Live"", ""Rate"", ""fin_flag_number"", ""syn_flag_number"", ""rst_flag_number"", ""psh_flag_number"", ""ack_flag_number"", ""ece_flag_number"", ""cwr_flag_number"", ""ack_count"", ""syn_count"", ""fin_count"", ""rst_count"", ""HTTP"", ""HTTPS"", ""DNS"", ""Telnet"", ""SMTP"", ""SSH"", ""IRC"", ""TCP"", ""UDP"", ""DHCP"", ""ARP"", ""ICMP"", ""IGMP"", ""IPv"", ""LLC"", ""Tot sum"", ""Min"", ""Max"", ""AVG"", ""Std"", ""Tot size"", ""IAT"", ""Number"", ""Variance""]",utf-8,0.375998
Mirai-greeth_flood/Mirai-greeth_flood15.pcap.csv,Mirai-greeth_flood15.pcap.csv,.csv,6899264,6.579651,0.006425,301d79f3a9ede60a8c83b73ae8f8ca6985a96e287d8e6a33d2817ce0b570cf8d,CSV,34137.0,39.0,"[""Header_Length"", ""Protocol Type"", ""Time_To_Live"", ""Rate"", ""fin_flag_number"", ""syn_flag_number"", ""rst_flag_number"", ""psh_flag_number"", ""ack_flag_number"", ""ece_flag_number"", ""cwr_flag_number"", ""ack_count"", ""syn_count"", ""fin_count"", ""rst_count"", ""HTTP"", ""HTTPS"", ""DNS"", ""Telnet"", ""SMTP"", ""SSH"", ""IRC"", ""TCP"", ""UDP"", ""DHCP"", ""ARP"", ""ICMP"", ""IGMP"", ""IPv"", ""LLC"", ""Tot sum"", ""Min"", ""Max"", ""AVG"", ""Std"", ""Tot size"", ""IAT"", ""Number"", ""Variance""]",utf-8,0.369673
Mirai-greeth_flood/Mirai-greeth_flood16.pcap.csv,Mirai-greeth_flood16.pcap.csv,.csv,6861619,6.54375,0.00639,d6251dd284e73ffc5719da43a3dcc5310462b907e87cdf369362fba12057803a,CSV,34081.0,39.0,"[""Header_Length"", ""Protocol Type"", ""Time_To_Live"", ""Rate"", ""fin_flag_number"", ""syn_flag_number"", ""rst_flag_number"", ""psh_flag_number"", ""ack_flag_number"", ""ece_flag_number"", ""cwr_flag_number"", ""ack_count"", ""syn_count"", ""fin_count"", ""rst_count"", ""HTTP"", ""HTTPS"", ""DNS"", ""Telnet"", ""SMTP"", ""SSH"", ""IRC"", ""TCP"", ""UDP"", ""DHCP"", ""ARP"", ""ICMP"", ""IGMP"", ""IPv"", ""LLC"", ""Tot sum"", ""Min"", ""Max"", ""AVG"", ""Std"", ""Tot size"", ""IAT"", ""Number"", ""Variance""]",utf-8,0.517475
Mirai-greeth_flood/Mirai-greeth_flood17.pcap.csv,Mirai-greeth_flood17.pcap.csv,.csv,6796981,6.482106,0.00633,0b8c6cb813f405f23f69112c6701b450be3dcfd6d5a9841a06683acf572d2b71,CSV,34054.0,39.0,"[""Header_Length"", ""Protocol Type"", ""Time_To_Live"", ""Rate"", ""fin_flag_number"", ""syn_flag_number"", ""rst_flag_number"", ""psh_flag_number"", ""ack_flag_number"", ""ece_flag_number"", ""cwr_flag_number"", ""ack_count"", ""syn_count"", ""fin_count"", ""rst_count"", ""HTTP"", ""HTTPS"", ""DNS"", ""Telnet"", ""SMTP"", ""SSH"", ""IRC"", ""TCP"", ""UDP"", ""DHCP"", ""ARP"", ""ICMP"", ""IGMP"", ""IPv"", ""LLC"", ""Tot sum"", ""Min"", ""Max"", ""AVG"", ""Std"", ""Tot size"", ""IAT"", ""Number"", ""Variance""]",utf-8,0.641145
Mirai-greeth_flood/Mirai-greeth_flood18.pcap.csv,Mirai-greeth_flood18.pcap.csv,.csv,6801605,6.486516,0.006334,5eab3b8b74c3399041d5353e267cb4f69bc205949ce3cd77cdca50a326d5b4c3,CSV,34101.0,39.0,"[""Header_Length"", ""Protocol Type"", ""Time_To_Live"", ""Rate"", ""fin_flag_number"", ""syn_flag_number"", ""rst_flag_number"", ""psh_flag_number"", ""ack_flag_number"", ""ece_flag_number"", ""cwr_flag_number"", ""ack_count"", ""syn_count"", ""fin_count"", ""rst_count"", ""HTTP"", ""HTTPS"", ""DNS"", ""Telnet"", ""SMTP"", ""SSH"", ""IRC"", ""TCP"", ""UDP"", ""DHCP"", ""ARP"", ""ICMP"", ""IGMP"", ""IPv"", ""LLC"", ""Tot sum"", ""Min"", ""Max"", ""AVG"", ""Std"", ""Tot size"", ""IAT"", ""Number"", ""Variance""]",utf-8,0.393954
Mirai-greeth_flood/Mirai-greeth_flood19.pcap.csv,Mirai-greeth_flood19.pcap.csv,.csv,6909182,6.589109,0.006435,a55e277945861a608214738712e6893e73cab204cac216e41626a691b8907b34,CSV,34136.0,39.0,"[""Header_Length"", ""Protocol Type"", ""Time_To_Live"", ""Rate"", ""fin_flag_number"", ""syn_flag_number"", ""rst_flag_number"", ""psh_flag_number"", ""ack_flag_number"", ""ece_flag_number"", ""cwr_flag_number"", ""ack_count"", ""syn_count"", ""fin_count"", ""rst_count"", ""HTTP"", ""HTTPS"", ""DNS"", ""Telnet"", ""SMTP"", ""SSH"", ""IRC"", ""TCP"", ""UDP"", ""DHCP"", ""ARP"", ""ICMP"", ""IGMP"", ""IPv"", ""LLC"", ""Tot sum"", ""Min"", ""Max"", ""AVG"", ""Std"", ""Tot size"", ""IAT"", ""Number"", ""Variance""]",utf-8,0.367576
Mirai-greeth_flood/Mirai-greeth_flood2.pcap.csv,Mirai-greeth_flood2.pcap.csv,.csv,6808690,6.493273,0.006341,d9cc4655b67be619ce5e2e5e1a13b7b46e4401020cfdff75253f74d495ed49b3,CSV,34054.0,39.0,"[""Header_Length"", ""Protocol Type"", ""Time_To_Live"", ""Rate"", ""fin_flag_number"", ""syn_flag_number"", ""rst_flag_number"", ""psh_flag_number"", ""ack_flag_number"", ""ece_flag_number"", ""cwr_flag_number"", ""ack_count"", ""syn_count"", ""fin_count"", ""rst_count"", ""HTTP"", ""HTTPS"", ""DNS"", ""Telnet"", ""SMTP"", ""SSH"", ""IRC"", ""TCP"", ""UDP"", ""DHCP"", ""ARP"", ""ICMP"", ""IGMP"", ""IPv"", ""LLC"", ""Tot sum"", ""Min"", ""Max"", ""AVG"", ""Std"", ""Tot size"", ""IAT"", ""Number"", ""Variance""]",utf-8,0.3576
Mirai-greeth_flood/Mirai-greeth_flood20.pcap.csv,Mirai-greeth_flood20.pcap.csv,.csv,6953239,6.631125,0.006476,848d546b133acc680df311ee11aa967f0cc3ddd88d08b0099bc22f13e4d84887,CSV,34235.0,39.0,"[""Header_Length"", ""Protocol Type"", ""Time_To_Live"", ""Rate"", ""fin_flag_number"", ""syn_flag_number"", ""rst_flag_number"", ""psh_flag_number"", ""ack_flag_number"", ""ece_flag_number"", ""cwr_flag_number"", ""ack_count"", ""syn_count"", ""fin_count"", ""rst_count"", ""HTTP"", ""HTTPS"", ""DNS"", ""Telnet"", ""SMTP"", ""SSH"", ""IRC"", ""TCP"", ""UDP"", ""DHCP"", ""ARP"", ""ICMP"", ""IGMP"", ""IPv"", ""LLC"", ""Tot sum"", ""Min"", ""Max"", ""AVG"", ""Std"", ""Tot size"", ""IAT"", ""Number"", ""Variance""]",utf-8,0.378137
Mirai-greeth_flood/Mirai-greeth_flood21.pcap.csv,Mirai-greeth_flood21.pcap.csv,.csv,7086127,6.757857,0.006599,590f3a551483e37f713d48260345a6d143a64da6d84984150e96b38592d9b31f,CSV,34752.0,39.0,"[""Header_Length"", ""Protocol Type"", ""Time_To_Live"", ""Rate"", ""fin_flag_number"", ""syn_flag_number"", ""rst_flag_number"", ""psh_flag_number"", ""ack_flag_number"", ""ece_flag_number"", ""cwr_flag_number"", ""ack_count"", ""syn_count"", ""fin_count"", ""rst_count"", ""HTTP"", ""HTTPS"", ""DNS"", ""Telnet"", ""SMTP"", ""SSH"", ""IRC"", ""TCP"", ""UDP"", ""DHCP"", ""ARP"", ""ICMP"", ""IGMP"", ""IPv"", ""LLC"", ""Tot sum"", ""Min"", ""Max"", ""AVG"", ""Std"", ""Tot size"", ""IAT"", ""Number"", ""Variance""]",utf-8,0.407059
Mirai-greeth_flood/Mirai-greeth_flood22.pcap.csv,Mirai-greeth_flood22.pcap.csv,.csv,6991213,6.66734,0.006511,1918b93cc9e7b629e02489694989ed8dda6a71cbc8969f6e0fed116fbb920488,CSV,34247.0,39.0,"[""Header_Length"", ""Protocol Type"", ""Time_To_Live"", ""Rate"", ""fin_flag_number"", ""syn_flag_number"", ""rst_flag_number"", ""psh_flag_number"", ""ack_flag_number"", ""ece_flag_number"", ""cwr_flag_number"", ""ack_count"", ""syn_count"", ""fin_count"", ""rst_count"", ""HTTP"", ""HTTPS"", ""DNS"", ""Telnet"", ""SMTP"", ""SSH"", ""IRC"", ""TCP"", ""UDP"", ""DHCP"", ""ARP"", ""ICMP"", ""IGMP"", ""IPv"", ""LLC"", ""Tot sum"", ""Min"", ""Max"", ""AVG"", ""Std"", ""Tot size"", ""IAT"", ""Number"", ""Variance""]",utf-8,0.381268
Mirai-greeth_flood/Mirai-greeth_flood23.pcap.csv,Mirai-greeth_flood23.pcap.csv,.csv,6952155,6.630092,0.006475,f10755b879359e9d8042e720e392f765f2847b09f3a598fcf7210fdca02c4ff9,CSV,34493.0,39.0,"[""Header_Length"", ""Protocol Type"", ""Time_To_Live"", ""Rate"", ""fin_flag_number"", ""syn_flag_number"", ""rst_flag_number"", ""psh_flag_number"", ""ack_flag_number"", ""ece_flag_number"", ""cwr_flag_number"", ""ack_count"", ""syn_count"", ""fin_count"", ""rst_count"", ""HTTP"", ""HTTPS"", ""DNS"", ""Telnet"", ""SMTP"", ""SSH"", ""IRC"", ""TCP"", ""UDP"", ""DHCP"", ""ARP"", ""ICMP"", ""IGMP"", ""IPv"", ""LLC"", ""Tot sum"", ""Min"", ""Max"", ""AVG"", ""Std"", ""Tot size"", ""IAT"", ""Number"", ""Variance""]",utf-8,0.354231
Mirai-greeth_flood/Mirai-greeth_flood24.pcap.csv,Mirai-greeth_flood24.pcap.csv,.csv,6753823,6.440948,0.00629,a747b94cc9bf656c683c318e4532e1749d5cb91e77b219b7f924cc375f625a31,CSV,34071.0,39.0,"[""Header_Length"", ""Protocol Type"", ""Time_To_Live"", ""Rate"", ""fin_flag_number"", ""syn_flag_number"", ""rst_flag_number"", ""psh_flag_number"", ""ack_flag_number"", ""ece_flag_number"", ""cwr_flag_number"", ""ack_count"", ""syn_count"", ""fin_count"", ""rst_count"", ""HTTP"", ""HTTPS"", ""DNS"", ""Telnet"", ""SMTP"", ""SSH"", ""IRC"", ""TCP"", ""UDP"", ""DHCP"", ""ARP"", ""ICMP"", ""IGMP"", ""IPv"", ""LLC"", ""Tot sum"", ""Min"", ""Max"", ""AVG"", ""Std"", ""Tot size"", ""IAT"", ""Number"", ""Variance""]",utf-8,0.42047
Mirai-greeth_flood/Mirai-greeth_flood25.pcap.csv,Mirai-greeth_flood25.pcap.csv,.csv,6800333,6.485303,0.006333,52c14231dee4d7235dda552d58db9297eb69f32e29d8e0174600381a1fd96856,CSV,34080.0,39.0,"[""Header_Length"", ""Protocol Type"", ""Time_To_Live"", ""Rate"", ""fin_flag_number"", ""syn_flag_number"", ""rst_flag_number"", ""psh_flag_number"", ""ack_flag_number"", ""ece_flag_number"", ""cwr_flag_number"", ""ack_count"", ""syn_count"", ""fin_count"", ""rst_count"", ""HTTP"", ""HTTPS"", ""DNS"", ""Telnet"", ""SMTP"", ""SSH"", ""IRC"", ""TCP"", ""UDP"", ""DHCP"", ""ARP"", ""ICMP"", ""IGMP"", ""IPv"", ""LLC"", ""Tot sum"", ""Min"", ""Max"", ""AVG"", ""Std"", ""Tot size"", ""IAT"", ""Number"", ""Variance""]",utf-8,0.398396
Mirai-greeth_flood/Mirai-greeth_flood26.pcap.csv,Mirai-greeth_flood26.pcap.csv,.csv,7018295,6.693168,0.006536,a3c1e019a7bea68474305131ca7fa8c2cae2d2aa7ea10de1e54ae57a1611442e,CSV,34518.0,39.0,"[""Header_Length"", ""Protocol Type"", ""Time_To_Live"", ""Rate"", ""fin_flag_number"", ""syn_flag_number"", ""rst_flag_number"", ""psh_flag_number"", ""ack_flag_number"", ""ece_flag_number"", ""cwr_flag_number"", ""ack_count"", ""syn_count"", ""fin_count"", ""rst_count"", ""HTTP"", ""HTTPS"", ""DNS"", ""Telnet"", ""SMTP"", ""SSH"", ""IRC"", ""TCP"", ""UDP"", ""DHCP"", ""ARP"", ""ICMP"", ""IGMP"", ""IPv"", ""LLC"", ""Tot sum"", ""Min"", ""Max"", ""AVG"", ""Std"", ""Tot size"", ""IAT"", ""Number"", ""Variance""]",utf-8,0.726404
Mirai-greeth_flood/Mirai-greeth_flood27.pcap.csv,Mirai-greeth_flood27.pcap.csv,.csv,6942289,6.620683,0.006466,1964b5379e020f4ea4e3332773990628ddd89a7ba53034e42f36a813f61ee609,CSV,34201.0,39.0,"[""Header_Length"", ""Protocol Type"", ""Time_To_Live"", ""Rate"", ""fin_flag_number"", ""syn_flag_number"", ""rst_flag_number"", ""psh_flag_number"", ""ack_flag_number"", ""ece_flag_number"", ""cwr_flag_number"", ""ack_count"", ""syn_count"", ""fin_count"", ""rst_count"", ""HTTP"", ""HTTPS"", ""DNS"", ""Telnet"", ""SMTP"", ""SSH"", ""IRC"", ""TCP"", ""UDP"", ""DHCP"", ""ARP"", ""ICMP"", ""IGMP"", ""IPv"", ""LLC"", ""Tot sum"", ""Min"", ""Max"", ""AVG"", ""Std"", ""Tot size"", ""IAT"", ""Number"", ""Variance""]",utf-8,0.838839
Mirai-greeth_flood/Mirai-greeth_flood28.pcap.csv,Mirai-greeth_flood28.pcap.csv,.csv,6916207,6.595809,0.006441,f8246495bceabbdce84f26a4162023324aa0f987be6ff3425370b3e218c0cf0d,CSV,33979.0,39.0,"[""Header_Length"", ""Protocol Type"", ""Time_To_Live"", ""Rate"", ""fin_flag_number"", ""syn_flag_number"", ""rst_flag_number"", ""psh_flag_number"", ""ack_flag_number"", ""ece_flag_number"", ""cwr_flag_number"", ""ack_count"", ""syn_count"", ""fin_count"", ""rst_count"", ""HTTP"", ""HTTPS"", ""DNS"", ""Telnet"", ""SMTP"", ""SSH"", ""IRC"", ""TCP"", ""UDP"", ""DHCP"", ""ARP"", ""ICMP"", ""IGMP"", ""IPv"", ""LLC"", ""Tot sum"", ""Min"", ""Max"", ""AVG"", ""Std"", ""Tot size"", ""IAT"", ""Number"", ""Variance""]",utf-8,0.690138
Mirai-greeth_flood/Mirai-greeth_flood3.pcap.csv,Mirai-greeth_flood3.pcap.csv,.csv,6804724,6.489491,0.006337,08dcd5f8dc4c309d468764812aff4d5cf2a524bbe82c66d91a3faac0b4a92cb3,CSV,34066.0,39.0,"[""Header_Length"", ""Protocol Type"", ""Time_To_Live"", ""Rate"", ""fin_flag_number"", ""syn_flag_number"", ""rst_flag_number"", ""psh_flag_number"", ""ack_flag_number"", ""ece_flag_number"", ""cwr_flag_number"", ""ack_count"", ""syn_count"", ""fin_count"", ""rst_count"", ""HTTP"", ""HTTPS"", ""DNS"", ""Telnet"", ""SMTP"", ""SSH"", ""IRC"", ""TCP"", ""UDP"", ""DHCP"", ""ARP"", ""ICMP"", ""IGMP"", ""IPv"", ""LLC"", ""Tot sum"", ""Min"", ""Max"", ""AVG"", ""Std"", ""Tot size"", ""IAT"", ""Number"", ""Variance""]",utf-8,0.60014
Mirai-greeth_flood/Mirai-greeth_flood4.pcap.csv,Mirai-greeth_flood4.pcap.csv,.csv,6851691,6.534282,0.006381,2224ce05097560b9a63d34f6e6a7b0c10d20b9c2a8c395e0bf22d50abb9ed976,CSV,34025.0,39.0,"[""Header_Length"", ""Protocol Type"", ""Time_To_Live"", ""Rate"", ""fin_flag_number"", ""syn_flag_number"", ""rst_flag_number"", ""psh_flag_number"", ""ack_flag_number"", ""ece_flag_number"", ""cwr_flag_number"", ""ack_count"", ""syn_count"", ""fin_count"", ""rst_count"", ""HTTP"", ""HTTPS"", ""DNS"", ""Telnet"", ""SMTP"", ""SSH"", ""IRC"", ""TCP"", ""UDP"", ""DHCP"", ""ARP"", ""ICMP"", ""IGMP"", ""IPv"", ""LLC"", ""Tot sum"", ""Min"", ""Max"", ""AVG"", ""Std"", ""Tot size"", ""IAT"", ""Number"", ""Variance""]",utf-8,0.444235
Mirai-greeth_flood/Mirai-greeth_flood5.pcap.csv,Mirai-greeth_flood5.pcap.csv,.csv,6817261,6.501447,0.006349,7c6d03666667be32475c2ede603c6cb73f217241ae137011e577787674b575c0,CSV,34016.0,39.0,"[""Header_Length"", ""Protocol Type"", ""Time_To_Live"", ""Rate"", ""fin_flag_number"", ""syn_flag_number"", ""rst_flag_number"", ""psh_flag_number"", ""ack_flag_number"", ""ece_flag_number"", ""cwr_flag_number"", ""ack_count"", ""syn_count"", ""fin_count"", ""rst_count"", ""HTTP"", ""HTTPS"", ""DNS"", ""Telnet"", ""SMTP"", ""SSH"", ""IRC"", ""TCP"", ""UDP"", ""DHCP"", ""ARP"", ""ICMP"", ""IGMP"", ""IPv"", ""LLC"", ""Tot sum"", ""Min"", ""Max"", ""AVG"", ""Std"", ""Tot size"", ""IAT"", ""Number"", ""Variance""]",utf-8,0.567158
Mirai-greeth_flood/Mirai-greeth_flood6.pcap.csv,Mirai-greeth_flood6.pcap.csv,.csv,6888069,6.568974,0.006415,21464f497f88a56f7c19ee776d3e615878b3d78e3f7a7a98eb22808448744f97,CSV,34146.0,39.0,"[""Header_Length"", ""Protocol Type"", ""Time_To_Live"", ""Rate"", ""fin_flag_number"", ""syn_flag_number"", ""rst_flag_number"", ""psh_flag_number"", ""ack_flag_number"", ""ece_flag_number"", ""cwr_flag_number"", ""ack_count"", ""syn_count"", ""fin_count"", ""rst_count"", ""HTTP"", ""HTTPS"", ""DNS"", ""Telnet"", ""SMTP"", ""SSH"", ""IRC"", ""TCP"", ""UDP"", ""DHCP"", ""ARP"", ""ICMP"", ""IGMP"", ""IPv"", ""LLC"", ""Tot sum"", ""Min"", ""Max"", ""AVG"", ""Std"", ""Tot size"", ""IAT"", ""Number"", ""Variance""]",utf-8,0.540667
Mirai-greeth_flood/Mirai-greeth_flood7.pcap.csv,Mirai-greeth_flood7.pcap.csv,.csv,6889051,6.569911,0.006416,e7a1f790df1bf983c994d573aee49e4ca5cd6171b1d8c20a86e1a8b6bbe16d74,CSV,34186.0,39.0,"[""Header_Length"", ""Protocol Type"", ""Time_To_Live"", ""Rate"", ""fin_flag_number"", ""syn_flag_number"", ""rst_flag_number"", ""psh_flag_number"", ""ack_flag_number"", ""ece_flag_number"", ""cwr_flag_number"", ""ack_count"", ""syn_count"", ""fin_count"", ""rst_count"", ""HTTP"", ""HTTPS"", ""DNS"", ""Telnet"", ""SMTP"", ""SSH"", ""IRC"", ""TCP"", ""UDP"", ""DHCP"", ""ARP"", ""ICMP"", ""IGMP"", ""IPv"", ""LLC"", ""Tot sum"", ""Min"", ""Max"", ""AVG"", ""Std"", ""Tot size"", ""IAT"", ""Number"", ""Variance""]",utf-8,0.55367
Mirai-greeth_flood/Mirai-greeth_flood8.pcap.csv,Mirai-greeth_flood8.pcap.csv,.csv,6865224,6.547188,0.006394,d57e93aa777e84cc99d53364193efd87838ba4c234f319e9daf49dfc205fab11,CSV,34067.0,39.0,"[""Header_Length"", ""Protocol Type"", ""Time_To_Live"", ""Rate"", ""fin_flag_number"", ""syn_flag_number"", ""rst_flag_number"", ""psh_flag_number"", ""ack_flag_number"", ""ece_flag_number"", ""cwr_flag_number"", ""ack_count"", ""syn_count"", ""fin_count"", ""rst_count"", ""HTTP"", ""HTTPS"", ""DNS"", ""Telnet"", ""SMTP"", ""SSH"", ""IRC"", ""TCP"", ""UDP"", ""DHCP"", ""ARP"", ""ICMP"", ""IGMP"", ""IPv"", ""LLC"", ""Tot sum"", ""Min"", ""Max"", ""AVG"", ""Std"", ""Tot size"", ""IAT"", ""Number"", ""Variance""]",utf-8,0.541068
Mirai-greeth_flood/Mirai-greeth_flood9.pcap.csv,Mirai-greeth_flood9.pcap.csv,.csv,7251251,6.915332,0.006753,97305051129f8d305bc34ca28496449e6292417f3cd073c8bc81ba4dbbdc7ff3,CSV,34680.0,39.0,"[""Header_Length"", ""Protocol Type"", ""Time_To_Live"", ""Rate"", ""fin_flag_number"", ""syn_flag_number"", ""rst_flag_number"", ""psh_flag_number"", ""ack_flag_number"", ""ece_flag_number"", ""cwr_flag_number"", ""ack_count"", ""syn_count"", ""fin_count"", ""rst_count"", ""HTTP"", ""HTTPS"", ""DNS"", ""Telnet"", ""SMTP"", ""SSH"", ""IRC"", ""TCP"", ""UDP"", ""DHCP"", ""ARP"", ""ICMP"", ""IGMP"", ""IPv"", ""LLC"", ""Tot sum"", ""Min"", ""Max"", ""AVG"", ""Std"", ""Tot size"", ""IAT"", ""Number"", ""Variance""]",utf-8,0.858254
Mirai-greip_flood/Mirai-greip_flood.pcap.csv,Mirai-greip_flood.pcap.csv,.csv,7247302,6.911566,0.00675,cac28e335a6dd277d274841313216c4f3bf6a57b34671c4d47f11507c4dd73af,CSV,35073.0,39.0,"[""Header_Length"", ""Protocol Type"", ""Time_To_Live"", ""Rate"", ""fin_flag_number"", ""syn_flag_number"", ""rst_flag_number"", ""psh_flag_number"", ""ack_flag_number"", ""ece_flag_number"", ""cwr_flag_number"", ""ack_count"", ""syn_count"", ""fin_count"", ""rst_count"", ""HTTP"", ""HTTPS"", ""DNS"", ""Telnet"", ""SMTP"", ""SSH"", ""IRC"", ""TCP"", ""UDP"", ""DHCP"", ""ARP"", ""ICMP"", ""IGMP"", ""IPv"", ""LLC"", ""Tot sum"", ""Min"", ""Max"", ""AVG"", ""Std"", ""Tot size"", ""IAT"", ""Number"", ""Variance""]",utf-8,0.560888
Mirai-greip_flood/Mirai-greip_flood1.pcap.csv,Mirai-greip_flood1.pcap.csv,.csv,7176408,6.843956,0.006684,34b203d7d460df2a6fcfaeea691800eb97eb115eb7a8c9af3b3a00ca6910345c,CSV,35128.0,39.0,"[""Header_Length"", ""Protocol Type"", ""Time_To_Live"", ""Rate"", ""fin_flag_number"", ""syn_flag_number"", ""rst_flag_number"", ""psh_flag_number"", ""ack_flag_number"", ""ece_flag_number"", ""cwr_flag_number"", ""ack_count"", ""syn_count"", ""fin_count"", ""rst_count"", ""HTTP"", ""HTTPS"", ""DNS"", ""Telnet"", ""SMTP"", ""SSH"", ""IRC"", ""TCP"", ""UDP"", ""DHCP"", ""ARP"", ""ICMP"", ""IGMP"", ""IPv"", ""LLC"", ""Tot sum"", ""Min"", ""Max"", ""AVG"", ""Std"", ""Tot size"", ""IAT"", ""Number"", ""Variance""]",utf-8,0.497456
Mirai-greip_flood/Mirai-greip_flood10.pcap.csv,Mirai-greip_flood10.pcap.csv,.csv,7135338,6.804789,0.006645,2007ee3719c26a6f18d9d006eb373cc668abbd1b681d4db2d09c1b00f98a1bcd,CSV,35292.0,39.0,"[""Header_Length"", ""Protocol Type"", ""Time_To_Live"", ""Rate"", ""fin_flag_number"", ""syn_flag_number"", ""rst_flag_number"", ""psh_flag_number"", ""ack_flag_number"", ""ece_flag_number"", ""cwr_flag_number"", ""ack_count"", ""syn_count"", ""fin_count"", ""rst_count"", ""HTTP"", ""HTTPS"", ""DNS"", ""Telnet"", ""SMTP"", ""SSH"", ""IRC"", ""TCP"", ""UDP"", ""DHCP"", ""ARP"", ""ICMP"", ""IGMP"", ""IPv"", ""LLC"", ""Tot sum"", ""Min"", ""Max"", ""AVG"", ""Std"", ""Tot size"", ""IAT"", ""Number"", ""Variance""]",utf-8,0.429184
Mirai-greip_flood/Mirai-greip_flood11.pcap.csv,Mirai-greip_flood11.pcap.csv,.csv,7012998,6.688116,0.006531,c8f282a23f17af52d8d9b792aa14a437a9418cc113ba3915490dac594a859ff2,CSV,35019.0,39.0,"[""Header_Length"", ""Protocol Type"", ""Time_To_Live"", ""Rate"", ""fin_flag_number"", ""syn_flag_number"", ""rst_flag_number"", ""psh_flag_number"", ""ack_flag_number"", ""ece_flag_number"", ""cwr_flag_number"", ""ack_count"", ""syn_count"", ""fin_count"", ""rst_count"", ""HTTP"", ""HTTPS"", ""DNS"", ""Telnet"", ""SMTP"", ""SSH"", ""IRC"", ""TCP"", ""UDP"", ""DHCP"", ""ARP"", ""ICMP"", ""IGMP"", ""IPv"", ""LLC"", ""Tot sum"", ""Min"", ""Max"", ""AVG"", ""Std"", ""Tot size"", ""IAT"", ""Number"", ""Variance""]",utf-8,0.387255
Mirai-greip_flood/Mirai-greip_flood12.pcap.csv,Mirai-greip_flood12.pcap.csv,.csv,7134535,6.804023,0.006645,6cef19108f71897eb2b2d6243c50c5c66fa16c9150b7a476969bcb6cea446603,CSV,35339.0,39.0,"[""Header_Length"", ""Protocol Type"", ""Time_To_Live"", ""Rate"", ""fin_flag_number"", ""syn_flag_number"", ""rst_flag_number"", ""psh_flag_number"", ""ack_flag_number"", ""ece_flag_number"", ""cwr_flag_number"", ""ack_count"", ""syn_count"", ""fin_count"", ""rst_count"", ""HTTP"", ""HTTPS"", ""DNS"", ""Telnet"", ""SMTP"", ""SSH"", ""IRC"", ""TCP"", ""UDP"", ""DHCP"", ""ARP"", ""ICMP"", ""IGMP"", ""IPv"", ""LLC"", ""Tot sum"", ""Min"", ""Max"", ""AVG"", ""Std"", ""Tot size"", ""IAT"", ""Number"", ""Variance""]",utf-8,0.460489
Mirai-greip_flood/Mirai-greip_flood13.pcap.csv,Mirai-greip_flood13.pcap.csv,.csv,7122045,6.792111,0.006633,a2c9d138e5f7bb8b29a942e64dcf06309093d5c16aa8bb6b96dd01ee43ca35aa,CSV,35251.0,39.0,"[""Header_Length"", ""Protocol Type"", ""Time_To_Live"", ""Rate"", ""fin_flag_number"", ""syn_flag_number"", ""rst_flag_number"", ""psh_flag_number"", ""ack_flag_number"", ""ece_flag_number"", ""cwr_flag_number"", ""ack_count"", ""syn_count"", ""fin_count"", ""rst_count"", ""HTTP"", ""HTTPS"", ""DNS"", ""Telnet"", ""SMTP"", ""SSH"", ""IRC"", ""TCP"", ""UDP"", ""DHCP"", ""ARP"", ""ICMP"", ""IGMP"", ""IPv"", ""LLC"", ""Tot sum"", ""Min"", ""Max"", ""AVG"", ""Std"", ""Tot size"", ""IAT"", ""Number"", ""Variance""]",utf-8,0.541938
Mirai-greip_flood/Mirai-greip_flood14.pcap.csv,Mirai-greip_flood14.pcap.csv,.csv,7213409,6.879243,0.006718,94cea99ba9af2a9faae0c2df4306c46dfbcffc7069e2f9c72085e5b840e370dd,CSV,35098.0,39.0,"[""Header_Length"", ""Protocol Type"", ""Time_To_Live"", ""Rate"", ""fin_flag_number"", ""syn_flag_number"", ""rst_flag_number"", ""psh_flag_number"", ""ack_flag_number"", ""ece_flag_number"", ""cwr_flag_number"", ""ack_count"", ""syn_count"", ""fin_count"", ""rst_count"", ""HTTP"", ""HTTPS"", ""DNS"", ""Telnet"", ""SMTP"", ""SSH"", ""IRC"", ""TCP"", ""UDP"", ""DHCP"", ""ARP"", ""ICMP"", ""IGMP"", ""IPv"", ""LLC"", ""Tot sum"", ""Min"", ""Max"", ""AVG"", ""Std"", ""Tot size"", ""IAT"", ""Number"", ""Variance""]",utf-8,0.699834
Mirai-greip_flood/Mirai-greip_flood15.pcap.csv,Mirai-greip_flood15.pcap.csv,.csv,7138745,6.808038,0.006648,7d248e3fc773a34233ec681f1495099887cb27a7a09a3b27b8d25d35fefbe3a2,CSV,35105.0,39.0,"[""Header_Length"", ""Protocol Type"", ""Time_To_Live"", ""Rate"", ""fin_flag_number"", ""syn_flag_number"", ""rst_flag_number"", ""psh_flag_number"", ""ack_flag_number"", ""ece_flag_number"", ""cwr_flag_number"", ""ack_count"", ""syn_count"", ""fin_count"", ""rst_count"", ""HTTP"", ""HTTPS"", ""DNS"", ""Telnet"", ""SMTP"", ""SSH"", ""IRC"", ""TCP"", ""UDP"", ""DHCP"", ""ARP"", ""ICMP"", ""IGMP"", ""IPv"", ""LLC"", ""Tot sum"", ""Min"", ""Max"", ""AVG"", ""Std"", ""Tot size"", ""IAT"", ""Number"", ""Variance""]",utf-8,0.434347
Mirai-greip_flood/Mirai-greip_flood16.pcap.csv,Mirai-greip_flood16.pcap.csv,.csv,6908251,6.588222,0.006434,3be08e803ab8c108c92cf17975596b60ddd35bf22ee32b1f7b22c87110506dc6,CSV,34920.0,39.0,"[""Header_Length"", ""Protocol Type"", ""Time_To_Live"", ""Rate"", ""fin_flag_number"", ""syn_flag_number"", ""rst_flag_number"", ""psh_flag_number"", ""ack_flag_number"", ""ece_flag_number"", ""cwr_flag_number"", ""ack_count"", ""syn_count"", ""fin_count"", ""rst_count"", ""HTTP"", ""HTTPS"", ""DNS"", ""Telnet"", ""SMTP"", ""SSH"", ""IRC"", ""TCP"", ""UDP"", ""DHCP"", ""ARP"", ""ICMP"", ""IGMP"", ""IPv"", ""LLC"", ""Tot sum"", ""Min"", ""Max"", ""AVG"", ""Std"", ""Tot size"", ""IAT"", ""Number"", ""Variance""]",utf-8,0.196846
Mirai-greip_flood/Mirai-greip_flood17.pcap.csv,Mirai-greip_flood17.pcap.csv,.csv,7416420,7.072849,0.006907,6de9cb8a466dddd99e52050eb466b7e2f2cc4141211a8f9d18738fb8f5e2f1a4,CSV,35948.0,39.0,"[""Header_Length"", ""Protocol Type"", ""Time_To_Live"", ""Rate"", ""fin_flag_number"", ""syn_flag_number"", ""rst_flag_number"", ""psh_flag_number"", ""ack_flag_number"", ""ece_flag_number"", ""cwr_flag_number"", ""ack_count"", ""syn_count"", ""fin_count"", ""rst_count"", ""HTTP"", ""HTTPS"", ""DNS"", ""Telnet"", ""SMTP"", ""SSH"", ""IRC"", ""TCP"", ""UDP"", ""DHCP"", ""ARP"", ""ICMP"", ""IGMP"", ""IPv"", ""LLC"", ""Tot sum"", ""Min"", ""Max"", ""AVG"", ""Std"", ""Tot size"", ""IAT"", ""Number"", ""Variance""]",utf-8,0.41291
Mirai-greip_flood/Mirai-greip_flood18.pcap.csv,Mirai-greip_flood18.pcap.csv,.csv,7045526,6.719137,0.006562,316b37b4cbbe3ee95bf77b72c34a1e505f5cd7f34486ff316993323b8acfc954,CSV,33982.0,39.0,"[""Header_Length"", ""Protocol Type"", ""Time_To_Live"", ""Rate"", ""fin_flag_number"", ""syn_flag_number"", ""rst_flag_number"", ""psh_flag_number"", ""ack_flag_number"", ""ece_flag_number"", ""cwr_flag_number"", ""ack_count"", ""syn_count"", ""fin_count"", ""rst_count"", ""HTTP"", ""HTTPS"", ""DNS"", ""Telnet"", ""SMTP"", ""SSH"", ""IRC"", ""TCP"", ""UDP"", ""DHCP"", ""ARP"", ""ICMP"", ""IGMP"", ""IPv"", ""LLC"", ""Tot sum"", ""Min"", ""Max"", ""AVG"", ""Std"", ""Tot size"", ""IAT"", ""Number"", ""Variance""]",utf-8,0.333292
Mirai-greip_flood/Mirai-greip_flood19.pcap.csv,Mirai-greip_flood19.pcap.csv,.csv,7154894,6.823439,0.006664,9c1670485449657e936415f3ec6ace513457a9d63dbbbe199add153ce0bbf4db,CSV,34844.0,39.0,"[""Header_Length"", ""Protocol Type"", ""Time_To_Live"", ""Rate"", ""fin_flag_number"", ""syn_flag_number"", ""rst_flag_number"", ""psh_flag_number"", ""ack_flag_number"", ""ece_flag_number"", ""cwr_flag_number"", ""ack_count"", ""syn_count"", ""fin_count"", ""rst_count"", ""HTTP"", ""HTTPS"", ""DNS"", ""Telnet"", ""SMTP"", ""SSH"", ""IRC"", ""TCP"", ""UDP"", ""DHCP"", ""ARP"", ""ICMP"", ""IGMP"", ""IPv"", ""LLC"", ""Tot sum"", ""Min"", ""Max"", ""AVG"", ""Std"", ""Tot size"", ""IAT"", ""Number"", ""Variance""]",utf-8,0.307107
Mirai-greip_flood/Mirai-greip_flood2.pcap.csv,Mirai-greip_flood2.pcap.csv,.csv,6985338,6.661737,0.006506,931b1dceb92437faa271331ab89e2d0981bfd678de40e1225453ca0f2dee0e1b,CSV,34846.0,39.0,"[""Header_Length"", ""Protocol Type"", ""Time_To_Live"", ""Rate"", ""fin_flag_number"", ""syn_flag_number"", ""rst_flag_number"", ""psh_flag_number"", ""ack_flag_number"", ""ece_flag_number"", ""cwr_flag_number"", ""ack_count"", ""syn_count"", ""fin_count"", ""rst_count"", ""HTTP"", ""HTTPS"", ""DNS"", ""Telnet"", ""SMTP"", ""SSH"", ""IRC"", ""TCP"", ""UDP"", ""DHCP"", ""ARP"", ""ICMP"", ""IGMP"", ""IPv"", ""LLC"", ""Tot sum"", ""Min"", ""Max"", ""AVG"", ""Std"", ""Tot size"", ""IAT"", ""Number"", ""Variance""]",utf-8,0.354792
Mirai-greip_flood/Mirai-greip_flood20.pcap.csv,Mirai-greip_flood20.pcap.csv,.csv,7186283,6.853374,0.006693,7a1407d4b2c501277aed65280723e09a82c206d247e22b4171bc7cf5097d9c96,CSV,35089.0,39.0,"[""Header_Length"", ""Protocol Type"", ""Time_To_Live"", ""Rate"", ""fin_flag_number"", ""syn_flag_number"", ""rst_flag_number"", ""psh_flag_number"", ""ack_flag_number"", ""ece_flag_number"", ""cwr_flag_number"", ""ack_count"", ""syn_count"", ""fin_count"", ""rst_count"", ""HTTP"", ""HTTPS"", ""DNS"", ""Telnet"", ""SMTP"", ""SSH"", ""IRC"", ""TCP"", ""UDP"", ""DHCP"", ""ARP"", ""ICMP"", ""IGMP"", ""IPv"", ""LLC"", ""Tot sum"", ""Min"", ""Max"", ""AVG"", ""Std"", ""Tot size"", ""IAT"", ""Number"", ""Variance""]",utf-8,0.381425
Mirai-greip_flood/Mirai-greip_flood21.pcap.csv,Mirai-greip_flood21.pcap.csv,.csv,2422081,2.309876,0.002256,216ec2f982fddd039d8a1d2e26fcb9bb03e6e00bf7ddccbeb1c198d880729aab,CSV,11991.0,39.0,"[""Header_Length"", ""Protocol Type"", ""Time_To_Live"", ""Rate"", ""fin_flag_number"", ""syn_flag_number"", ""rst_flag_number"", ""psh_flag_number"", ""ack_flag_number"", ""ece_flag_number"", ""cwr_flag_number"", ""ack_count"", ""syn_count"", ""fin_count"", ""rst_count"", ""HTTP"", ""HTTPS"", ""DNS"", ""Telnet"", ""SMTP"", ""SSH"", ""IRC"", ""TCP"", ""UDP"", ""DHCP"", ""ARP"", ""ICMP"", ""IGMP"", ""IPv"", ""LLC"", ""Tot sum"", ""Min"", ""Max"", ""AVG"", ""Std"", ""Tot size"", ""IAT"", ""Number"", ""Variance""]",utf-8,0.276773
Mirai-greip_flood/Mirai-greip_flood3.pcap.csv,Mirai-greip_flood3.pcap.csv,.csv,7183446,6.850668,0.00669,a3318b300599a758b121fd6cefbbf85c991158e5d16d21235afdaddf73710887,CSV,35168.0,39.0,"[""Header_Length"", ""Protocol Type"", ""Time_To_Live"", ""Rate"", ""fin_flag_number"", ""syn_flag_number"", ""rst_flag_number"", ""psh_flag_number"", ""ack_flag_number"", ""ece_flag_number"", ""cwr_flag_number"", ""ack_count"", ""syn_count"", ""fin_count"", ""rst_count"", ""HTTP"", ""HTTPS"", ""DNS"", ""Telnet"", ""SMTP"", ""SSH"", ""IRC"", ""TCP"", ""UDP"", ""DHCP"", ""ARP"", ""ICMP"", ""IGMP"", ""IPv"", ""LLC"", ""Tot sum"", ""Min"", ""Max"", ""AVG"", ""Std"", ""Tot size"", ""IAT"", ""Number"", ""Variance""]",utf-8,0.376276
Mirai-greip_flood/Mirai-greip_flood4.pcap.csv,Mirai-greip_flood4.pcap.csv,.csv,7392607,7.050139,0.006885,c5be92afec15b7a06ab07ac735b3aabdcdb8ed14101a5196d28579d02d3635b5,CSV,35784.0,39.0,"[""Header_Length"", ""Protocol Type"", ""Time_To_Live"", ""Rate"", ""fin_flag_number"", ""syn_flag_number"", ""rst_flag_number"", ""psh_flag_number"", ""ack_flag_number"", ""ece_flag_number"", ""cwr_flag_number"", ""ack_count"", ""syn_count"", ""fin_count"", ""rst_count"", ""HTTP"", ""HTTPS"", ""DNS"", ""Telnet"", ""SMTP"", ""SSH"", ""IRC"", ""TCP"", ""UDP"", ""DHCP"", ""ARP"", ""ICMP"", ""IGMP"", ""IPv"", ""LLC"", ""Tot sum"", ""Min"", ""Max"", ""AVG"", ""Std"", ""Tot size"", ""IAT"", ""Number"", ""Variance""]",utf-8,0.386047
Mirai-greip_flood/Mirai-greip_flood5.pcap.csv,Mirai-greip_flood5.pcap.csv,.csv,7312382,6.973631,0.00681,0b38dd31aa921367e9ca02b9aad49e53fd182c94a13280e572c0a16d4d2bb39b,CSV,35456.0,39.0,"[""Header_Length"", ""Protocol Type"", ""Time_To_Live"", ""Rate"", ""fin_flag_number"", ""syn_flag_number"", ""rst_flag_number"", ""psh_flag_number"", ""ack_flag_number"", ""ece_flag_number"", ""cwr_flag_number"", ""ack_count"", ""syn_count"", ""fin_count"", ""rst_count"", ""HTTP"", ""HTTPS"", ""DNS"", ""Telnet"", ""SMTP"", ""SSH"", ""IRC"", ""TCP"", ""UDP"", ""DHCP"", ""ARP"", ""ICMP"", ""IGMP"", ""IPv"", ""LLC"", ""Tot sum"", ""Min"", ""Max"", ""AVG"", ""Std"", ""Tot size"", ""IAT"", ""Number"", ""Variance""]",utf-8,0.386323
Mirai-greip_flood/Mirai-greip_flood6.pcap.csv,Mirai-greip_flood6.pcap.csv,.csv,7539798,7.190512,0.007022,0f3857a7853cf3bfbb354aa3fffd534eab23f971bf14108e61e1369b01a24a4c,CSV,36052.0,39.0,"[""Header_Length"", ""Protocol Type"", ""Time_To_Live"", ""Rate"", ""fin_flag_number"", ""syn_flag_number"", ""rst_flag_number"", ""psh_flag_number"", ""ack_flag_number"", ""ece_flag_number"", ""cwr_flag_number"", ""ack_count"", ""syn_count"", ""fin_count"", ""rst_count"", ""HTTP"", ""HTTPS"", ""DNS"", ""Telnet"", ""SMTP"", ""SSH"", ""IRC"", ""TCP"", ""UDP"", ""DHCP"", ""ARP"", ""ICMP"", ""IGMP"", ""IPv"", ""LLC"", ""Tot sum"", ""Min"", ""Max"", ""AVG"", ""Std"", ""Tot size"", ""IAT"", ""Number"", ""Variance""]",utf-8,0.376096
Mirai-greip_flood/Mirai-greip_flood7.pcap.csv,Mirai-greip_flood7.pcap.csv,.csv,7369571,7.028171,0.006863,f9ee3e11236613907f56d1cbeaf2ce5e3498dedad29a042f44c938f4a422d998,CSV,35462.0,39.0,"[""Header_Length"", ""Protocol Type"", ""Time_To_Live"", ""Rate"", ""fin_flag_number"", ""syn_flag_number"", ""rst_flag_number"", ""psh_flag_number"", ""ack_flag_number"", ""ece_flag_number"", ""cwr_flag_number"", ""ack_count"", ""syn_count"", ""fin_count"", ""rst_count"", ""HTTP"", ""HTTPS"", ""DNS"", ""Telnet"", ""SMTP"", ""SSH"", ""IRC"", ""TCP"", ""UDP"", ""DHCP"", ""ARP"", ""ICMP"", ""IGMP"", ""IPv"", ""LLC"", ""Tot sum"", ""Min"", ""Max"", ""AVG"", ""Std"", ""Tot size"", ""IAT"", ""Number"", ""Variance""]",utf-8,0.424613
Mirai-greip_flood/Mirai-greip_flood8.pcap.csv,Mirai-greip_flood8.pcap.csv,.csv,7430602,7.086374,0.00692,a0a0843b544b28668869ccf52ac9252bfd702d689bb894e350e14d20620e3f71,CSV,35755.0,39.0,"[""Header_Length"", ""Protocol Type"", ""Time_To_Live"", ""Rate"", ""fin_flag_number"", ""syn_flag_number"", ""rst_flag_number"", ""psh_flag_number"", ""ack_flag_number"", ""ece_flag_number"", ""cwr_flag_number"", ""ack_count"", ""syn_count"", ""fin_count"", ""rst_count"", ""HTTP"", ""HTTPS"", ""DNS"", ""Telnet"", ""SMTP"", ""SSH"", ""IRC"", ""TCP"", ""UDP"", ""DHCP"", ""ARP"", ""ICMP"", ""IGMP"", ""IPv"", ""LLC"", ""Tot sum"", ""Min"", ""Max"", ""AVG"", ""Std"", ""Tot size"", ""IAT"", ""Number"", ""Variance""]",utf-8,0.378459
Mirai-greip_flood/Mirai-greip_flood9.pcap.csv,Mirai-greip_flood9.pcap.csv,.csv,7131083,6.800731,0.006641,c6d6cec46ab4f07645de3686dd0b5546f09404e932a0095ca2288ad38e81298b,CSV,35044.0,39.0,"[""Header_Length"", ""Protocol Type"", ""Time_To_Live"", ""Rate"", ""fin_flag_number"", ""syn_flag_number"", ""rst_flag_number"", ""psh_flag_number"", ""ack_flag_number"", ""ece_flag_number"", ""cwr_flag_number"", ""ack_count"", ""syn_count"", ""fin_count"", ""rst_count"", ""HTTP"", ""HTTPS"", ""DNS"", ""Telnet"", ""SMTP"", ""SSH"", ""IRC"", ""TCP"", ""UDP"", ""DHCP"", ""ARP"", ""ICMP"", ""IGMP"", ""IPv"", ""LLC"", ""Tot sum"", ""Min"", ""Max"", ""AVG"", ""Std"", ""Tot size"", ""IAT"", ""Number"", ""Variance""]",utf-8,0.368781
Mirai-udpplain/Mirai-udpplain.pcap.csv,Mirai-udpplain.pcap.csv,.csv,7371385,7.029901,0.006865,f423e8c2558b453b1e1f8e5aeb1a8479c61be78ecc7cc32a767f0e833fde1676,CSV,36481.0,39.0,"[""Header_Length"", ""Protocol Type"", ""Time_To_Live"", ""Rate"", ""fin_flag_number"", ""syn_flag_number"", ""rst_flag_number"", ""psh_flag_number"", ""ack_flag_number"", ""ece_flag_number"", ""cwr_flag_number"", ""ack_count"", ""syn_count"", ""fin_count"", ""rst_count"", ""HTTP"", ""HTTPS"", ""DNS"", ""Telnet"", ""SMTP"", ""SSH"", ""IRC"", ""TCP"", ""UDP"", ""DHCP"", ""ARP"", ""ICMP"", ""IGMP"", ""IPv"", ""LLC"", ""Tot sum"", ""Min"", ""Max"", ""AVG"", ""Std"", ""Tot size"", ""IAT"", ""Number"", ""Variance""]",utf-8,0.36219
Mirai-udpplain/Mirai-udpplain1.pcap.csv,Mirai-udpplain1.pcap.csv,.csv,7393619,7.051105,0.006886,7264d1b906d5586afac156a18ce2a2f46c1982da891d4b0d62a26f73373307f0,CSV,36431.0,39.0,"[""Header_Length"", ""Protocol Type"", ""Time_To_Live"", ""Rate"", ""fin_flag_number"", ""syn_flag_number"", ""rst_flag_number"", ""psh_flag_number"", ""ack_flag_number"", ""ece_flag_number"", ""cwr_flag_number"", ""ack_count"", ""syn_count"", ""fin_count"", ""rst_count"", ""HTTP"", ""HTTPS"", ""DNS"", ""Telnet"", ""SMTP"", ""SSH"", ""IRC"", ""TCP"", ""UDP"", ""DHCP"", ""ARP"", ""ICMP"", ""IGMP"", ""IPv"", ""LLC"", ""Tot sum"", ""Min"", ""Max"", ""AVG"", ""Std"", ""Tot size"", ""IAT"", ""Number"", ""Variance""]",utf-8,0.346028
Mirai-udpplain/Mirai-udpplain10.pcap.csv,Mirai-udpplain10.pcap.csv,.csv,7389468,7.047146,0.006882,c06920077156e0a1c889d06ee5ce33b475f86ccb6c2a881a80e28952633212f1,CSV,36603.0,39.0,"[""Header_Length"", ""Protocol Type"", ""Time_To_Live"", ""Rate"", ""fin_flag_number"", ""syn_flag_number"", ""rst_flag_number"", ""psh_flag_number"", ""ack_flag_number"", ""ece_flag_number"", ""cwr_flag_number"", ""ack_count"", ""syn_count"", ""fin_count"", ""rst_count"", ""HTTP"", ""HTTPS"", ""DNS"", ""Telnet"", ""SMTP"", ""SSH"", ""IRC"", ""TCP"", ""UDP"", ""DHCP"", ""ARP"", ""ICMP"", ""IGMP"", ""IPv"", ""LLC"", ""Tot sum"", ""Min"", ""Max"", ""AVG"", ""Std"", ""Tot size"", ""IAT"", ""Number"", ""Variance""]",utf-8,0.42213
Mirai-udpplain/Mirai-udpplain11.pcap.csv,Mirai-udpplain11.pcap.csv,.csv,7135480,6.804924,0.006645,543bbacb236d3bb473380a35deba833c32cb1cf295d19790dfed4af4ffa26c1c,CSV,36272.0,39.0,"[""Header_Length"", ""Protocol Type"", ""Time_To_Live"", ""Rate"", ""fin_flag_number"", ""syn_flag_number"", ""rst_flag_number"", ""psh_flag_number"", ""ack_flag_number"", ""ece_flag_number"", ""cwr_flag_number"", ""ack_count"", ""syn_count"", ""fin_count"", ""rst_count"", ""HTTP"", ""HTTPS"", ""DNS"", ""Telnet"", ""SMTP"", ""SSH"", ""IRC"", ""TCP"", ""UDP"", ""DHCP"", ""ARP"", ""ICMP"", ""IGMP"", ""IPv"", ""LLC"", ""Tot sum"", ""Min"", ""Max"", ""AVG"", ""Std"", ""Tot size"", ""IAT"", ""Number"", ""Variance""]",utf-8,0.387205
Mirai-udpplain/Mirai-udpplain12.pcap.csv,Mirai-udpplain12.pcap.csv,.csv,7164413,6.832517,0.006672,57fa62998fac9befee39eeaea58abd5f7ab3c19f674115578c10f77eaa135521,CSV,36270.0,39.0,"[""Header_Length"", ""Protocol Type"", ""Time_To_Live"", ""Rate"", ""fin_flag_number"", ""syn_flag_number"", ""rst_flag_number"", ""psh_flag_number"", ""ack_flag_number"", ""ece_flag_number"", ""cwr_flag_number"", ""ack_count"", ""syn_count"", ""fin_count"", ""rst_count"", ""HTTP"", ""HTTPS"", ""DNS"", ""Telnet"", ""SMTP"", ""SSH"", ""IRC"", ""TCP"", ""UDP"", ""DHCP"", ""ARP"", ""ICMP"", ""IGMP"", ""IPv"", ""LLC"", ""Tot sum"", ""Min"", ""Max"", ""AVG"", ""Std"", ""Tot size"", ""IAT"", ""Number"", ""Variance""]",utf-8,0.447405
Mirai-udpplain/Mirai-udpplain13.pcap.csv,Mirai-udpplain13.pcap.csv,.csv,7281461,6.944142,0.006781,8df035cb3b3c0c68e79b73a6c7694f396818f915a58d15331d4f7f225d8bbe53,CSV,36408.0,39.0,"[""Header_Length"", ""Protocol Type"", ""Time_To_Live"", ""Rate"", ""fin_flag_number"", ""syn_flag_number"", ""rst_flag_number"", ""psh_flag_number"", ""ack_flag_number"", ""ece_flag_number"", ""cwr_flag_number"", ""ack_count"", ""syn_count"", ""fin_count"", ""rst_count"", ""HTTP"", ""HTTPS"", ""DNS"", ""Telnet"", ""SMTP"", ""SSH"", ""IRC"", ""TCP"", ""UDP"", ""DHCP"", ""ARP"", ""ICMP"", ""IGMP"", ""IPv"", ""LLC"", ""Tot sum"", ""Min"", ""Max"", ""AVG"", ""Std"", ""Tot size"", ""IAT"", ""Number"", ""Variance""]",utf-8,0.528844
Mirai-udpplain/Mirai-udpplain14.pcap.csv,Mirai-udpplain14.pcap.csv,.csv,7290682,6.952936,0.00679,db9b228cdf8f987fa4f6f29a42cbed6cd916440a2b33bbd71d29c6795c845a33,CSV,36346.0,39.0,"[""Header_Length"", ""Protocol Type"", ""Time_To_Live"", ""Rate"", ""fin_flag_number"", ""syn_flag_number"", ""rst_flag_number"", ""psh_flag_number"", ""ack_flag_number"", ""ece_flag_number"", ""cwr_flag_number"", ""ack_count"", ""syn_count"", ""fin_count"", ""rst_count"", ""HTTP"", ""HTTPS"", ""DNS"", ""Telnet"", ""SMTP"", ""SSH"", ""IRC"", ""TCP"", ""UDP"", ""DHCP"", ""ARP"", ""ICMP"", ""IGMP"", ""IPv"", ""LLC"", ""Tot sum"", ""Min"", ""Max"", ""AVG"", ""Std"", ""Tot size"", ""IAT"", ""Number"", ""Variance""]",utf-8,0.561243
Mirai-udpplain/Mirai-udpplain15.pcap.csv,Mirai-udpplain15.pcap.csv,.csv,7232466,6.897417,0.006736,53fab31aff1ff0542f7c2827f15fb35b752c131004d572590a59fed0ba977624,CSV,36329.0,39.0,"[""Header_Length"", ""Protocol Type"", ""Time_To_Live"", ""Rate"", ""fin_flag_number"", ""syn_flag_number"", ""rst_flag_number"", ""psh_flag_number"", ""ack_flag_number"", ""ece_flag_number"", ""cwr_flag_number"", ""ack_count"", ""syn_count"", ""fin_count"", ""rst_count"", ""HTTP"", ""HTTPS"", ""DNS"", ""Telnet"", ""SMTP"", ""SSH"", ""IRC"", ""TCP"", ""UDP"", ""DHCP"", ""ARP"", ""ICMP"", ""IGMP"", ""IPv"", ""LLC"", ""Tot sum"", ""Min"", ""Max"", ""AVG"", ""Std"", ""Tot size"", ""IAT"", ""Number"", ""Variance""]",utf-8,0.596834
Mirai-udpplain/Mirai-udpplain16.pcap.csv,Mirai-udpplain16.pcap.csv,.csv,7246882,6.911165,0.006749,234f93d1cbef31fac2f1479df2387e919f477861977d7973612783cc180abbed,CSV,36333.0,39.0,"[""Header_Length"", ""Protocol Type"", ""Time_To_Live"", ""Rate"", ""fin_flag_number"", ""syn_flag_number"", ""rst_flag_number"", ""psh_flag_number"", ""ack_flag_number"", ""ece_flag_number"", ""cwr_flag_number"", ""ack_count"", ""syn_count"", ""fin_count"", ""rst_count"", ""HTTP"", ""HTTPS"", ""DNS"", ""Telnet"", ""SMTP"", ""SSH"", ""IRC"", ""TCP"", ""UDP"", ""DHCP"", ""ARP"", ""ICMP"", ""IGMP"", ""IPv"", ""LLC"", ""Tot sum"", ""Min"", ""Max"", ""AVG"", ""Std"", ""Tot size"", ""IAT"", ""Number"", ""Variance""]",utf-8,0.332399
Mirai-udpplain/Mirai-udpplain17.pcap.csv,Mirai-udpplain17.pcap.csv,.csv,7320218,6.981104,0.006817,a7ed1f8b914019accc9ce91d6f6e8e9707324db0de403759fa579c1d72ee6b25,CSV,36443.0,39.0,"[""Header_Length"", ""Protocol Type"", ""Time_To_Live"", ""Rate"", ""fin_flag_number"", ""syn_flag_number"", ""rst_flag_number"", ""psh_flag_number"", ""ack_flag_number"", ""ece_flag_number"", ""cwr_flag_number"", ""ack_count"", ""syn_count"", ""fin_count"", ""rst_count"", ""HTTP"", ""HTTPS"", ""DNS"", ""Telnet"", ""SMTP"", ""SSH"", ""IRC"", ""TCP"", ""UDP"", ""DHCP"", ""ARP"", ""ICMP"", ""IGMP"", ""IPv"", ""LLC"", ""Tot sum"", ""Min"", ""Max"", ""AVG"", ""Std"", ""Tot size"", ""IAT"", ""Number"", ""Variance""]",utf-8,0.618858
Mirai-udpplain/Mirai-udpplain18.pcap.csv,Mirai-udpplain18.pcap.csv,.csv,7235592,6.900398,0.006739,4021deb5b4dff3ab9e922e7a044b5fc439b51ef68939e649d4352a45e96122f6,CSV,36410.0,39.0,"[""Header_Length"", ""Protocol Type"", ""Time_To_Live"", ""Rate"", ""fin_flag_number"", ""syn_flag_number"", ""rst_flag_number"", ""psh_flag_number"", ""ack_flag_number"", ""ece_flag_number"", ""cwr_flag_number"", ""ack_count"", ""syn_count"", ""fin_count"", ""rst_count"", ""HTTP"", ""HTTPS"", ""DNS"", ""Telnet"", ""SMTP"", ""SSH"", ""IRC"", ""TCP"", ""UDP"", ""DHCP"", ""ARP"", ""ICMP"", ""IGMP"", ""IPv"", ""LLC"", ""Tot sum"", ""Min"", ""Max"", ""AVG"", ""Std"", ""Tot size"", ""IAT"", ""Number"", ""Variance""]",utf-8,0.375277
Mirai-udpplain/Mirai-udpplain19.pcap.csv,Mirai-udpplain19.pcap.csv,.csv,7280257,6.942994,0.00678,6450b17f9e99e40cdcdc263f3fa97888ae29d8fa38f1c160939c94a3d33c2878,CSV,36515.0,39.0,"[""Header_Length"", ""Protocol Type"", ""Time_To_Live"", ""Rate"", ""fin_flag_number"", ""syn_flag_number"", ""rst_flag_number"", ""psh_flag_number"", ""ack_flag_number"", ""ece_flag_number"", ""cwr_flag_number"", ""ack_count"", ""syn_count"", ""fin_count"", ""rst_count"", ""HTTP"", ""HTTPS"", ""DNS"", ""Telnet"", ""SMTP"", ""SSH"", ""IRC"", ""TCP"", ""UDP"", ""DHCP"", ""ARP"", ""ICMP"", ""IGMP"", ""IPv"", ""LLC"", ""Tot sum"", ""Min"", ""Max"", ""AVG"", ""Std"", ""Tot size"", ""IAT"", ""Number"", ""Variance""]",utf-8,0.206189
Mirai-udpplain/Mirai-udpplain2.pcap.csv,Mirai-udpplain2.pcap.csv,.csv,7284688,6.94722,0.006784,eb43e40eb81018fef67baf9007d72beddac8402d42695ceda2f88b87df5acbbf,CSV,36214.0,39.0,"[""Header_Length"", ""Protocol Type"", ""Time_To_Live"", ""Rate"", ""fin_flag_number"", ""syn_flag_number"", ""rst_flag_number"", ""psh_flag_number"", ""ack_flag_number"", ""ece_flag_number"", ""cwr_flag_number"", ""ack_count"", ""syn_count"", ""fin_count"", ""rst_count"", ""HTTP"", ""HTTPS"", ""DNS"", ""Telnet"", ""SMTP"", ""SSH"", ""IRC"", ""TCP"", ""UDP"", ""DHCP"", ""ARP"", ""ICMP"", ""IGMP"", ""IPv"", ""LLC"", ""Tot sum"", ""Min"", ""Max"", ""AVG"", ""Std"", ""Tot size"", ""IAT"", ""Number"", ""Variance""]",utf-8,0.52573
Mirai-udpplain/Mirai-udpplain20.pcap.csv,Mirai-udpplain20.pcap.csv,.csv,7316309,6.977376,0.006814,9a0572a21655d572e07feeb8bee82e02d8f7e4ecf8ec7c9259e03ce29b992951,CSV,36305.0,39.0,"[""Header_Length"", ""Protocol Type"", ""Time_To_Live"", ""Rate"", ""fin_flag_number"", ""syn_flag_number"", ""rst_flag_number"", ""psh_flag_number"", ""ack_flag_number"", ""ece_flag_number"", ""cwr_flag_number"", ""ack_count"", ""syn_count"", ""fin_count"", ""rst_count"", ""HTTP"", ""HTTPS"", ""DNS"", ""Telnet"", ""SMTP"", ""SSH"", ""IRC"", ""TCP"", ""UDP"", ""DHCP"", ""ARP"", ""ICMP"", ""IGMP"", ""IPv"", ""LLC"", ""Tot sum"", ""Min"", ""Max"", ""AVG"", ""Std"", ""Tot size"", ""IAT"", ""Number"", ""Variance""]",utf-8,0.334696
Mirai-udpplain/Mirai-udpplain21.pcap.csv,Mirai-udpplain21.pcap.csv,.csv,7357220,7.016392,0.006852,8c6de138671f9c789df1bdd0aebe669357e483f7073bc8f3103dc466193819b1,CSV,36469.0,39.0,"[""Header_Length"", ""Protocol Type"", ""Time_To_Live"", ""Rate"", ""fin_flag_number"", ""syn_flag_number"", ""rst_flag_number"", ""psh_flag_number"", ""ack_flag_number"", ""ece_flag_number"", ""cwr_flag_number"", ""ack_count"", ""syn_count"", ""fin_count"", ""rst_count"", ""HTTP"", ""HTTPS"", ""DNS"", ""Telnet"", ""SMTP"", ""SSH"", ""IRC"", ""TCP"", ""UDP"", ""DHCP"", ""ARP"", ""ICMP"", ""IGMP"", ""IPv"", ""LLC"", ""Tot sum"", ""Min"", ""Max"", ""AVG"", ""Std"", ""Tot size"", ""IAT"", ""Number"", ""Variance""]",utf-8,0.179534
Mirai-udpplain/Mirai-udpplain22.pcap.csv,Mirai-udpplain22.pcap.csv,.csv,7433323,7.088969,0.006923,4a533a2436e1fb9a43179d803ecfc738ba6b2e24ac4ab3746ce1b97b9ec6172f,CSV,36611.0,39.0,"[""Header_Length"", ""Protocol Type"", ""Time_To_Live"", ""Rate"", ""fin_flag_number"", ""syn_flag_number"", ""rst_flag_number"", ""psh_flag_number"", ""ack_flag_number"", ""ece_flag_number"", ""cwr_flag_number"", ""ack_count"", ""syn_count"", ""fin_count"", ""rst_count"", ""HTTP"", ""HTTPS"", ""DNS"", ""Telnet"", ""SMTP"", ""SSH"", ""IRC"", ""TCP"", ""UDP"", ""DHCP"", ""ARP"", ""ICMP"", ""IGMP"", ""IPv"", ""LLC"", ""Tot sum"", ""Min"", ""Max"", ""AVG"", ""Std"", ""Tot size"", ""IAT"", ""Number"", ""Variance""]",utf-8,0.218081
Mirai-udpplain/Mirai-udpplain23.pcap.csv,Mirai-udpplain23.pcap.csv,.csv,7326904,6.98748,0.006824,8de72ae12b7adfcce368663314786da1d4dd60176b851ce44517ff0e0c8d1e89,CSV,36785.0,39.0,"[""Header_Length"", ""Protocol Type"", ""Time_To_Live"", ""Rate"", ""fin_flag_number"", ""syn_flag_number"", ""rst_flag_number"", ""psh_flag_number"", ""ack_flag_number"", ""ece_flag_number"", ""cwr_flag_number"", ""ack_count"", ""syn_count"", ""fin_count"", ""rst_count"", ""HTTP"", ""HTTPS"", ""DNS"", ""Telnet"", ""SMTP"", ""SSH"", ""IRC"", ""TCP"", ""UDP"", ""DHCP"", ""ARP"", ""ICMP"", ""IGMP"", ""IPv"", ""LLC"", ""Tot sum"", ""Min"", ""Max"", ""AVG"", ""Std"", ""Tot size"", ""IAT"", ""Number"", ""Variance""]",utf-8,0.285398
Mirai-udpplain/Mirai-udpplain24.pcap.csv,Mirai-udpplain24.pcap.csv,.csv,2976645,2.83875,0.002772,33d7383c3e8785f7f4e949078498ac4776cc16187ee56ca8e4107b3e58d87f20,CSV,15090.0,39.0,"[""Header_Length"", ""Protocol Type"", ""Time_To_Live"", ""Rate"", ""fin_flag_number"", ""syn_flag_number"", ""rst_flag_number"", ""psh_flag_number"", ""ack_flag_number"", ""ece_flag_number"", ""cwr_flag_number"", ""ack_count"", ""syn_count"", ""fin_count"", ""rst_count"", ""HTTP"", ""HTTPS"", ""DNS"", ""Telnet"", ""SMTP"", ""SSH"", ""IRC"", ""TCP"", ""UDP"", ""DHCP"", ""ARP"", ""ICMP"", ""IGMP"", ""IPv"", ""LLC"", ""Tot sum"", ""Min"", ""Max"", ""AVG"", ""Std"", ""Tot size"", ""IAT"", ""Number"", ""Variance""]",utf-8,0.179264
Mirai-udpplain/Mirai-udpplain3.pcap.csv,Mirai-udpplain3.pcap.csv,.csv,7450169,7.105035,0.006939,fb93e002f7f891a4e68d063af28dd9366ebb58cc85b4476c1702e40753e930c2,CSV,36699.0,39.0,"[""Header_Length"", ""Protocol Type"", ""Time_To_Live"", ""Rate"", ""fin_flag_number"", ""syn_flag_number"", ""rst_flag_number"", ""psh_flag_number"", ""ack_flag_number"", ""ece_flag_number"", ""cwr_flag_number"", ""ack_count"", ""syn_count"", ""fin_count"", ""rst_count"", ""HTTP"", ""HTTPS"", ""DNS"", ""Telnet"", ""SMTP"", ""SSH"", ""IRC"", ""TCP"", ""UDP"", ""DHCP"", ""ARP"", ""ICMP"", ""IGMP"", ""IPv"", ""LLC"", ""Tot sum"", ""Min"", ""Max"", ""AVG"", ""Std"", ""Tot size"", ""IAT"", ""Number"", ""Variance""]",utf-8,0.244877
Mirai-udpplain/Mirai-udpplain4.pcap.csv,Mirai-udpplain4.pcap.csv,.csv,7247149,6.91142,0.006749,f24e9127af5152fe32d0e9583dddff2e1b6247bd18ffb45a00459044814a8377,CSV,36315.0,39.0,"[""Header_Length"", ""Protocol Type"", ""Time_To_Live"", ""Rate"", ""fin_flag_number"", ""syn_flag_number"", ""rst_flag_number"", ""psh_flag_number"", ""ack_flag_number"", ""ece_flag_number"", ""cwr_flag_number"", ""ack_count"", ""syn_count"", ""fin_count"", ""rst_count"", ""HTTP"", ""HTTPS"", ""DNS"", ""Telnet"", ""SMTP"", ""SSH"", ""IRC"", ""TCP"", ""UDP"", ""DHCP"", ""ARP"", ""ICMP"", ""IGMP"", ""IPv"", ""LLC"", ""Tot sum"", ""Min"", ""Max"", ""AVG"", ""Std"", ""Tot size"", ""IAT"", ""Number"", ""Variance""]",utf-8,0.364264
Mirai-udpplain/Mirai-udpplain5.pcap.csv,Mirai-udpplain5.pcap.csv,.csv,7421005,7.077222,0.006911,67473d9a998651219d1824c878ba83f94f50fde2a979481a3a0421a1da1506f5,CSV,36503.0,39.0,"[""Header_Length"", ""Protocol Type"", ""Time_To_Live"", ""Rate"", ""fin_flag_number"", ""syn_flag_number"", ""rst_flag_number"", ""psh_flag_number"", ""ack_flag_number"", ""ece_flag_number"", ""cwr_flag_number"", ""ack_count"", ""syn_count"", ""fin_count"", ""rst_count"", ""HTTP"", ""HTTPS"", ""DNS"", ""Telnet"", ""SMTP"", ""SSH"", ""IRC"", ""TCP"", ""UDP"", ""DHCP"", ""ARP"", ""ICMP"", ""IGMP"", ""IPv"", ""LLC"", ""Tot sum"", ""Min"", ""Max"", ""AVG"", ""Std"", ""Tot size"", ""IAT"", ""Number"", ""Variance""]",utf-8,0.269747
Mirai-udpplain/Mirai-udpplain6.pcap.csv,Mirai-udpplain6.pcap.csv,.csv,7383877,7.041814,0.006877,498090b89c71992052b7e950cb47255e21a2bb0dbc44af7fb519531ed66b9caa,CSV,36503.0,39.0,"[""Header_Length"", ""Protocol Type"", ""Time_To_Live"", ""Rate"", ""fin_flag_number"", ""syn_flag_number"", ""rst_flag_number"", ""psh_flag_number"", ""ack_flag_number"", ""ece_flag_number"", ""cwr_flag_number"", ""ack_count"", ""syn_count"", ""fin_count"", ""rst_count"", ""HTTP"", ""HTTPS"", ""DNS"", ""Telnet"", ""SMTP"", ""SSH"", ""IRC"", ""TCP"", ""UDP"", ""DHCP"", ""ARP"", ""ICMP"", ""IGMP"", ""IPv"", ""LLC"", ""Tot sum"", ""Min"", ""Max"", ""AVG"", ""Std"", ""Tot size"", ""IAT"", ""Number"", ""Variance""]",utf-8,0.366756
Mirai-udpplain/Mirai-udpplain7.pcap.csv,Mirai-udpplain7.pcap.csv,.csv,7466803,7.120898,0.006954,617821ce329f0a9ca41ca42b0cef800733ad7f93cfe5222c6442c018b8687100,CSV,36573.0,39.0,"[""Header_Length"", ""Protocol Type"", ""Time_To_Live"", ""Rate"", ""fin_flag_number"", ""syn_flag_number"", ""rst_flag_number"", ""psh_flag_number"", ""ack_flag_number"", ""ece_flag_number"", ""cwr_flag_number"", ""ack_count"", ""syn_count"", ""fin_count"", ""rst_count"", ""HTTP"", ""HTTPS"", ""DNS"", ""Telnet"", ""SMTP"", ""SSH"", ""IRC"", ""TCP"", ""UDP"", ""DHCP"", ""ARP"", ""ICMP"", ""IGMP"", ""IPv"", ""LLC"", ""Tot sum"", ""Min"", ""Max"", ""AVG"", ""Std"", ""Tot size"", ""IAT"", ""Number"", ""Variance""]",utf-8,0.454485
Mirai-udpplain/Mirai-udpplain8.pcap.csv,Mirai-udpplain8.pcap.csv,.csv,7490189,7.143201,0.006976,b857cdf66ea3e32d5d91bbebbee6a95cd9d30eed5f209187b6e5df313ac490cf,CSV,36679.0,39.0,"[""Header_Length"", ""Protocol Type"", ""Time_To_Live"", ""Rate"", ""fin_flag_number"", ""syn_flag_number"", ""rst_flag_number"", ""psh_flag_number"", ""ack_flag_number"", ""ece_flag_number"", ""cwr_flag_number"", ""ack_count"", ""syn_count"", ""fin_count"", ""rst_count"", ""HTTP"", ""HTTPS"", ""DNS"", ""Telnet"", ""SMTP"", ""SSH"", ""IRC"", ""TCP"", ""UDP"", ""DHCP"", ""ARP"", ""ICMP"", ""IGMP"", ""IPv"", ""LLC"", ""Tot sum"", ""Min"", ""Max"", ""AVG"", ""Std"", ""Tot size"", ""IAT"", ""Number"", ""Variance""]",utf-8,0.285025
Mirai-udpplain/Mirai-udpplain9.pcap.csv,Mirai-udpplain9.pcap.csv,.csv,7602368,7.250183,0.00708,c5dd5abfe5346beb19c613c0448d8f255af851ab26cb8e5a4184c463add1ca8f,CSV,36987.0,39.0,"[""Header_Length"", ""Protocol Type"", ""Time_To_Live"", ""Rate"", ""fin_flag_number"", ""syn_flag_number"", ""rst_flag_number"", ""psh_flag_number"", ""ack_flag_number"", ""ece_flag_number"", ""cwr_flag_number"", ""ack_count"", ""syn_count"", ""fin_count"", ""rst_count"", ""HTTP"", ""HTTPS"", ""DNS"", ""Telnet"", ""SMTP"", ""SSH"", ""IRC"", ""TCP"", ""UDP"", ""DHCP"", ""ARP"", ""ICMP"", ""IGMP"", ""IPv"", ""LLC"", ""Tot sum"", ""Min"", ""Max"", ""AVG"", ""Std"", ""Tot size"", ""IAT"", ""Number"", ""Variance""]",utf-8,0.668568
README_CSV.pdf,README_CSV.pdf,.pdf,69751,0.06652,6.5e-05,76d79460e416b88a28e9db3573255ea5fb5fca836fc2e3d3f794a4df2b9e7e98,PDF,,,[],,0.059361
Recon-HostDiscovery/Recon-HostDiscovery.pcap.csv,Recon-HostDiscovery.pcap.csv,.csv,26360058,25.13891,0.02455,50f8cc3832dcc171b05472b5f768485817796cb7c9bcffdc4747d95b06359990,CSV,134378.0,39.0,"[""Header_Length"", ""Protocol Type"", ""Time_To_Live"", ""Rate"", ""fin_flag_number"", ""syn_flag_number"", ""rst_flag_number"", ""psh_flag_number"", ""ack_flag_number"", ""ece_flag_number"", ""cwr_flag_number"", ""ack_count"", ""syn_count"", ""fin_count"", ""rst_count"", ""HTTP"", ""HTTPS"", ""DNS"", ""Telnet"", ""SMTP"", ""SSH"", ""IRC"", ""TCP"", ""UDP"", ""DHCP"", ""ARP"", ""ICMP"", ""IGMP"", ""IPv"", ""LLC"", ""Tot sum"", ""Min"", ""Max"", ""AVG"", ""Std"", ""Tot size"", ""IAT"", ""Number"", ""Variance""]",utf-8,0.735709
Recon-OSScan/Recon-OSScan.pcap.csv,Recon-OSScan.pcap.csv,.csv,19880307,18.959338,0.018515,830b0bf24e542cfff04db1c42338df9bcc3b862f0fcdda8ea192f4fbb064c37c,CSV,98259.0,39.0,"[""Header_Length"", ""Protocol Type"", ""Time_To_Live"", ""Rate"", ""fin_flag_number"", ""syn_flag_number"", ""rst_flag_number"", ""psh_flag_number"", ""ack_flag_number"", ""ece_flag_number"", ""cwr_flag_number"", ""ack_count"", ""syn_count"", ""fin_count"", ""rst_count"", ""HTTP"", ""HTTPS"", ""DNS"", ""Telnet"", ""SMTP"", ""SSH"", ""IRC"", ""TCP"", ""UDP"", ""DHCP"", ""ARP"", ""ICMP"", ""IGMP"", ""IPv"", ""LLC"", ""Tot sum"", ""Min"", ""Max"", ""AVG"", ""Std"", ""Tot size"", ""IAT"", ""Number"", ""Variance""]",utf-8,0.739168
Recon-PingSweep/Recon-PingSweep.pcap.csv,Recon-PingSweep.pcap.csv,.csv,466700,0.44508,0.000435,e786539fdf48b954d76128facd82f064e82b9d11855fabee56ead7b8ae827f81,CSV,2262.0,39.0,"[""Header_Length"", ""Protocol Type"", ""Time_To_Live"", ""Rate"", ""fin_flag_number"", ""syn_flag_number"", ""rst_flag_number"", ""psh_flag_number"", ""ack_flag_number"", ""ece_flag_number"", ""cwr_flag_number"", ""ack_count"", ""syn_count"", ""fin_count"", ""rst_count"", ""HTTP"", ""HTTPS"", ""DNS"", ""Telnet"", ""SMTP"", ""SSH"", ""IRC"", ""TCP"", ""UDP"", ""DHCP"", ""ARP"", ""ICMP"", ""IGMP"", ""IPv"", ""LLC"", ""Tot sum"", ""Min"", ""Max"", ""AVG"", ""Std"", ""Tot size"", ""IAT"", ""Number"", ""Variance""]",utf-8,0.197908
Recon-PortScan/Recon-PortScan.pcap.csv,Recon-PortScan.pcap.csv,.csv,16412654,15.652327,0.015285,7416087ada9515c67b17a59a7e386008b1710b9d2ea4d450e4b4cffafb13cf53,CSV,82284.0,39.0,"[""Header_Length"", ""Protocol Type"", ""Time_To_Live"", ""Rate"", ""fin_flag_number"", ""syn_flag_number"", ""rst_flag_number"", ""psh_flag_number"", ""ack_flag_number"", ""ece_flag_number"", ""cwr_flag_number"", ""ack_count"", ""syn_count"", ""fin_count"", ""rst_count"", ""HTTP"", ""HTTPS"", ""DNS"", ""Telnet"", ""SMTP"", ""SSH"", ""IRC"", ""TCP"", ""UDP"", ""DHCP"", ""ARP"", ""ICMP"", ""IGMP"", ""IPv"", ""LLC"", ""Tot sum"", ""Min"", ""Max"", ""AVG"", ""Std"", ""Tot size"", ""IAT"", ""Number"", ""Variance""]",utf-8,0.703957
SqlInjection/SqlInjection.pcap.csv,SqlInjection.pcap.csv,.csv,1087316,1.036945,0.001013,c0b3231d7650203b6808281b2cce5cd445ead8d6e232d6811c0e7a82736f2850,CSV,5245.0,39.0,"[""Header_Length"", ""Protocol Type"", ""Time_To_Live"", ""Rate"", ""fin_flag_number"", ""syn_flag_number"", ""rst_flag_number"", ""psh_flag_number"", ""ack_flag_number"", ""ece_flag_number"", ""cwr_flag_number"", ""ack_count"", ""syn_count"", ""fin_count"", ""rst_count"", ""HTTP"", ""HTTPS"", ""DNS"", ""Telnet"", ""SMTP"", ""SSH"", ""IRC"", ""TCP"", ""UDP"", ""DHCP"", ""ARP"", ""ICMP"", ""IGMP"", ""IPv"", ""LLC"", ""Tot sum"", ""Min"", ""Max"", ""AVG"", ""Std"", ""Tot size"", ""IAT"", ""Number"", ""Variance""]",utf-8,0.288621
Uploading_Attack/Uploading_Attack.pcap.csv,Uploading_Attack.pcap.csv,.csv,260216,0.248161,0.000242,ea5334870cfe3c8aef246fad916fb7988508520e8510d47e6c0f7c8ed78e4f41,CSV,1252.0,39.0,"[""Header_Length"", ""Protocol Type"", ""Time_To_Live"", ""Rate"", ""fin_flag_number"", ""syn_flag_number"", ""rst_flag_number"", ""psh_flag_number"", ""ack_flag_number"", ""ece_flag_number"", ""cwr_flag_number"", ""ack_count"", ""syn_count"", ""fin_count"", ""rst_count"", ""HTTP"", ""HTTPS"", ""DNS"", ""Telnet"", ""SMTP"", ""SSH"", ""IRC"", ""TCP"", ""UDP"", ""DHCP"", ""ARP"", ""ICMP"", ""IGMP"", ""IPv"", ""LLC"", ""Tot sum"", ""Min"", ""Max"", ""AVG"", ""Std"", ""Tot size"", ""IAT"", ""Number"", ""Variance""]",utf-8,0.165332
VulnerabilityScan/VulnerabilityScan.pcap.csv,VulnerabilityScan.pcap.csv,.csv,77235466,73.65748,0.071931,1991dc6c1d0989101639cf537c4e335a0af6c13af64c6efcc6a4b8845b791f5a,CSV,373351.0,39.0,"[""Header_Length"", ""Protocol Type"", ""Time_To_Live"", ""Rate"", ""fin_flag_number"", ""syn_flag_number"", ""rst_flag_number"", ""psh_flag_number"", ""ack_flag_number"", ""ece_flag_number"", ""cwr_flag_number"", ""ack_count"", ""syn_count"", ""fin_count"", ""rst_count"", ""HTTP"", ""HTTPS"", ""DNS"", ""Telnet"", ""SMTP"", ""SSH"", ""IRC"", ""TCP"", ""UDP"", ""DHCP"", ""ARP"", ""ICMP"", ""IGMP"", ""IPv"", ""LLC"", ""Tot sum"", ""Min"", ""Max"", ""AVG"", ""Std"", ""Tot size"", ""IAT"", ""Number"", ""Variance""]",utf-8,3.097543
XSS/XSS.pcap.csv,XSS.pcap.csv,.csv,796883,0.759967,0.000742,696a998255347b2cdb595e2d539ebd5b5ceb2701fe03721cdbb3f4f360450dcb,CSV,3846.0,39.0,"[""Header_Length"", ""Protocol Type"", ""Time_To_Live"", ""Rate"", ""fin_flag_number"", ""syn_flag_number"", ""rst_flag_number"", ""psh_flag_number"", ""ack_flag_number"", ""ece_flag_number"", ""cwr_flag_number"", ""ack_count"", ""syn_count"", ""fin_count"", ""rst_count"", ""HTTP"", ""HTTPS"", ""DNS"", ""Telnet"", ""SMTP"", ""SSH"", ""IRC"", ""TCP"", ""UDP"", ""DHCP"", ""ARP"", ""ICMP"", ""IGMP"", ""IPv"", ""LLC"", ""Tot sum"", ""Min"", ""Max"", ""AVG"", ""Std"", ""Tot size"", ""IAT"", ""Number"", ""Variance""]",utf-8,0.119738
